date,label,last_week,system,target,chief_executive,three,country_include,follow,start,home,base,include,russia_china,ten_thousand,hong_kong,however,industry,large,help,really,fire,world_large,chinese_embassy,ship,force,investment,plan,family,still,even,state,every,find,money,use,take,well,increase,ask,around,make,back,leader,business,add,fuk_court,think,last,deal,since,uk_government,call,work,child,know,much,good,come,service,give,move,trade,claim,month,global,see,build,ai,local,earlier_month,part,issue,uk,big,market,accord,talk,around_world,bn_bn,keep,rule,control,day,chinese_government,need,economy,government,saudi_arabia,water,group,number,right,ago,technology,work_closely,firm,take_place,power,social_medium,news_agency,prime_minister,local_medium,first,country,many,climate_change,president_donald,world,want,believe,company,go,may,russia,data,last_month,india,leave,national_security,security,get,europe,chinese_state,beijing,centre,taiwan,trump_administration,chinese,chip,attack_taiwan,energy,oil_gas,across,japan,south_korea,china,trump
2025-11-24 23:03:34,China Japan Taiwan,0.0,0.0,0.0,0.0,0.0,0.0,0.0,0.0,0.0,0.0,0.0,0.0,0.0,0.0,0.0,0.0,0.0,0.0,0.0,0.0,0.0,0.0,0.0,0.0,0.0,0.0,0.0,0.0,0.0,0.0,0.0,0.0,0.0,0.0,0.0,0.0,0.0,0.0,0.0,0.0,0.0,0.0,0.0,0.0,0.0,0.0,0.0,0.0,0.0,0.0,0.0,0.0,0.0,0.0,0.0,0.20177335602180593,0.0,0.0,0.0,0.0,0.0,0.0,0.0,0.0,0.0,0.0,0.0,0.0,0.25635997924233006,0.0,0.0,0.0,0.0,0.0,0.19777023619225392,0.0,0.0,0.0,0.0,0.0,0.0,0.0,0.0,0.0,0.0,0.0,0.0,0.0,0.0,0.0,0.0,0.0,0.0,0.0,0.0,0.0,0.0,0.0,0.0,0.0,0.0,0.0,0.12394528804074202,0.0,0.0,0.1939959944236,0.0,0.0,0.0,0.0,0.0,0.0,0.0,0.0,0.0,0.0,0.0,0.0,0.0,0.0,0.0,0.0,0.0,0.0,0.2665387420068036,0.0,0.7352689266365057,0.0,0.2665387420068036,0.0,0.0,0.0,0.0,0.0,0.21842167884671704,0.0
2025-11-23 23:11:13,China Japan Taiwan,0.0,0.0,0.0,0.0,0.0,0.0,0.0,0.0,0.0,0.0,0.0,0.0,0.0,0.0,0.0,0.0,0.0,0.0,0.0,0.0,0.0,0.0,0.0,0.0,0.0,0.14748051242240853,0.0,0.0,0.0,0.0,0.0,0.0,0.14413136705104496,0.0,0.0,0.0,0.0,0.0,0.0,0.0,0.13277376907915645,0.0,0.0,0.0,0.0,0.0,0.0,0.0,0.0,0.0,0.0,0.0,0.0,0.0,0.0,0.0,0.1002102843568573,0.0,0.0,0.0,0.0,0.0,0.0,0.15933748322346936,0.0,0.1640990179556293,0.0,0.1640990179556293,0.0,0.1258072711325508,0.0,0.0,0.0,0.0,0.0,0.0,0.0,0.1410133873049752,0.0,0.0,0.0,0.0,0.0,0.0,0.0,0.25190752128519467,0.0,0.0,0.0,0.0,0.0,0.17545661592751782,0.15503015112061064,0.0,0.0,0.0,0.0,0.0,0.0,0.0,0.0,0.13535691677006156,0.0,0.0,0.0,0.0,0.0,0.0,0.0,0.18896404451215584,0.19114211526451158,0.1640990179556293,0.0,0.0,0.0,0.0,0.16942196091614475,0.17545661592751782,0.0,0.0,0.0,0.0,0.0,0.0,0.0,0.0,0.0,0.3388439218322895,0.0,0.0,0.0,0.0,0.4922970538668879,0.17545661592751782,0.07474553697678742,0.0
2025-12-05 04:56:16,China US Taiwan,0.0,0.0,0.0,0.0,0.0,0.0,0.0,0.0,0.0,0.0,0.0,0.0,0.0,0.0,0.0,0.0,0.0,0.0,0.0,0.0,0.0,0.0,0.0,0.0,0.0,0.0,0.0,0.0,0.0,0.0,0.0,0.0,0.0,0.260963276901964,0.0,0.0,0.0,0.0,0.0,0.0,0.0,0.0,0.0,0.0,0.0,0.0,0.0,0.0,0.3945806945793866,0.0,0.0,0.0,0.0,0.0,0.0,0.0,0.0,0.0,0.0,0.0,0.0,0.0,0.0,0.0,0.0,0.0,0.0,0.0,0.0,0.0,0.0,0.0,0.0,0.0,0.0,0.0,0.0,0.0,0.0,0.0,0.45174956654005877,0.0,0.0,0.0,0.0,0.20793986597424194,0.0,0.0,0.0,0.0,0.0,0.0,0.0,0.0,0.0,0.0,0.0,0.3839140889662778,0.0,0.0,0.0,0.0,0.0,0.0,0.0,0.0,0.0,0.0,0.0,0.0,0.0,0.0,0.0,0.0,0.0,0.0,0.0,0.0,0.0,0.0,0.0,0.0,0.3839140889662778,0.0,0.0,0.0,0.3115470347739702,0.0,0.0,0.0,0.0,0.0,0.0,0.0,0.3701972103531488,0.0
2025-11-10 03:16:42,China US Taiwan,0.0,0.0,0.0,0.0,0.0,0.0,0.0,0.0,0.0,0.0,0.0,0.0,0.0,0.0,0.0,0.0,0.0,0.0,0.0,0.0,0.0,0.0,0.0,0.0,0.0,0.0,0.0,0.2120509672781631,0.0,0.0,0.0,0.0,0.0,0.0,0.0,0.0,0.0,0.0,0.0,0.0,0.0,0.0,0.0,0.0,0.0,0.22022937497243372,0.0,0.0,0.0,0.0,0.0,0.0,0.0,0.0,0.0,0.2246870961896192,0.0,0.0,0.23995479393621316,0.0,0.0,0.0,0.0,0.0,0.0,0.0,0.0,0.0,0.0,0.0,0.0,0.0,0.0,0.0,0.0,0.0,0.0,0.0,0.0,0.0,0.0,0.0,0.0,0.0,0.0,0.0,0.0,0.0,0.0,0.0,0.0,0.0,0.0,0.0,0.0,0.0,0.4799095878724263,0.0,0.0,0.0,0.2854726731559404,0.0,0.2760414695511194,0.0,0.2854726731559404,0.0,0.0,0.0,0.0,0.0,0.0,0.0,0.0,0.0,0.0,0.0,0.0,0.0,0.0,0.0,0.0,0.0,0.0,0.0,0.2968073542726356,0.0,0.0,0.0,0.0,0.0,0.0,0.0,0.0,0.0,0.0,0.0
2025-12-01 08:17:32,China Japan,0.0,0.0,0.0,0.0,0.0,0.0,0.0,0.0,0.0,0.0,0.0,0.0,0.0,0.0,0.0,0.0,0.0,0.0,0.0,0.0,0.0,0.0,0.0,0.0,0.0,0.0,0.0,0.0,0.0,0.0,0.0,0.0,0.0,0.0,0.0,0.0,0.0,0.0,0.0,0.0,0.0,0.0,0.0,0.0,0.0,0.0,0.0,0.0,0.0,0.0,0.0,0.0,0.0,0.0,0.0,0.0,0.0,0.0,0.0,0.0,0.0,0.0,0.0,0.0,0.0,0.0,0.0,0.0,0.0,0.0,0.0,0.0,0.0,0.0,0.3006805899722022,0.0,0.0,0.0,0.0,0.0,0.0,0.0,0.0,0.0,0.0,0.0,0.0,0.0,0.0,0.0,0.0,0.0,0.0,0.0,0.0,0.0,0.0,0.3443825289077148,0.0,0.33564738526226906,0.0,0.0,0.0,0.0,0.0,0.0,0.0,0.0,0.0,0.20988148128391598,0.0,0.0,0.0,0.0,0.0,0.0,0.0,0.0,0.0,0.0,0.0,0.4052330003749739,0.0,0.0,0.0,0.0,0.0,0.0,0.4052330003749739,0.0,0.0,0.0,0.0,0.0,0.0,0.0
2025-11-18 03:46:10,China Japan,0.0,0.0,0.0,0.0,0.0,0.0,0.0,0.0,0.0,0.0,0.0,0.0,0.0,0.0,0.0,0.0,0.0,0.0,0.0,0.0,0.0,0.0,0.0,0.0,0.0,0.0,0.0,0.0,0.0,0.0,0.0,0.0,0.0,0.0,0.0,0.0,0.0,0.0,0.0,0.0,0.0,0.0,0.0,0.0,0.0,0.0,0.0,0.0,0.0,0.0,0.0,0.30437091263096583,0.0,0.0,0.0,0.0,0.0,0.0,0.0,0.0,0.0,0.0,0.0,0.0,0.0,0.0,0.0,0.0,0.0,0.0,0.0,0.0,0.0,0.0,0.34397435425920136,0.0,0.0,0.0,0.0,0.0,0.0,0.0,0.0,0.0,0.0,0.0,0.0,0.0,0.0,0.0,0.0,0.0,0.0,0.0,0.0,0.0,0.0,0.0,0.0,0.0,0.0,0.0,0.0,0.0,0.0,0.0,0.0,0.0,0.0,0.0,0.0,0.0,0.0,0.0,0.0,0.0,0.0,0.0,0.0,0.0,0.0,0.4635808371979943,0.0,0.0,0.4635808371979943,0.0,0.0,0.0,0.4635808371979943,0.0,0.0,0.0,0.0,0.0,0.3798926339172407,0.0
2025-11-17 06:32:19,China Japan,0.0,0.0,0.32108254385332957,0.0,0.0,0.0,0.0,0.0,0.0,0.0,0.0,0.0,0.0,0.0,0.0,0.0,0.0,0.0,0.0,0.0,0.0,0.0,0.0,0.0,0.0,0.0,0.0,0.0,0.0,0.0,0.0,0.0,0.0,0.0,0.0,0.0,0.0,0.0,0.0,0.0,0.0,0.0,0.0,0.0,0.0,0.0,0.0,0.0,0.0,0.0,0.0,0.0,0.0,0.0,0.0,0.0,0.0,0.0,0.0,0.0,0.0,0.0,0.0,0.0,0.0,0.0,0.0,0.0,0.0,0.25351548068467994,0.0,0.0,0.0,0.0,0.0,0.0,0.0,0.0,0.0,0.0,0.0,0.0,0.3044788073890369,0.0,0.0,0.0,0.0,0.0,0.0,0.0,0.0,0.0,0.0,0.0,0.0,0.0,0.0,0.0,0.0,0.0,0.0,0.0,0.0,0.0,0.0,0.0,0.0,0.0,0.0,0.0,0.0,0.0,0.0,0.0,0.0,0.0,0.0,0.0,0.0,0.0,0.0,0.0,0.0,0.0,0.7352052546004038,0.0,0.25351548068467994,0.0,0.3676026273002019,0.0,0.0,0.0,0.0,0.0,0.0,0.0
2025-12-02 07:26:10,China Japan,0.0,0.0,0.0,0.0,0.0,0.0,0.0,0.0,0.0,0.0,0.0,0.0,0.0,0.0,0.0,0.0,0.0,0.0,0.0,0.0,0.0,0.0,0.0,0.0,0.0,0.0,0.0,0.0,0.0,0.0,0.0,0.0,0.0,0.0,0.0,0.0,0.0,0.0,0.0,0.0,0.0,0.3734625014982691,0.0,0.0,0.0,0.0,0.282611309191895,0.0,0.0,0.0,0.0,0.0,0.0,0.0,0.0,0.0,0.21329935764420077,0.0,0.0,0.0,0.0,0.0,0.0,0.0,0.0,0.0,0.0,0.0,0.0,0.0,0.0,0.0,0.0,0.0,0.0,0.0,0.0,0.0,0.0,0.0,0.0,0.0,0.32161447053316966,0.0,0.0,0.0,0.0,0.38829081524448134,0.0,0.0,0.0,0.0,0.0,0.0,0.0,0.0,0.0,0.0,0.0,0.0,0.0,0.0,0.18056218235555155,0.0,0.0,0.0,0.0,0.0,0.0,0.0,0.0,0.0,0.0,0.0,0.31391487177817495,0.0,0.0,0.0,0.0,0.0,0.0,0.0,0.0,0.0,0.0,0.0,0.0,0.0,0.0,0.0,0.0,0.0,0.34928765390320665,0.0,0.4772915811857578,0.0
2025-11-18 09:54:37,China Japan,0.1536939997777356,0.0,0.0,0.0,0.0,0.0,0.0,0.0,0.0,0.0,0.0,0.0,0.0,0.0,0.0,0.0,0.0,0.0,0.0,0.0,0.0,0.0,0.0,0.14923437943884882,0.0,0.0,0.0,0.0,0.0,0.0,0.0,0.0,0.0,0.0,0.09162799170226119,0.0,0.1536939997777356,0.0,0.0,0.0895111883878644,0.0,0.0,0.0,0.10134524529440739,0.0,0.0,0.0,0.0,0.14923437943884882,0.0,0.0,0.0,0.0,0.0,0.0,0.0,0.0,0.0,0.0,0.0,0.0,0.0,0.1293404207651643,0.0,0.0,0.0,0.0,0.0,0.16433144710626887,0.0,0.0,0.0,0.0,0.0,0.0,0.0,0.0,0.0,0.16433144710626887,0.0,0.0,0.0,0.0,0.0,0.0,0.07864494458438344,0.0,0.0,0.0,0.0,0.0,0.0,0.0,0.0,0.0,0.0,0.0,0.290400324251984,0.0,0.2830344205428999,0.0,0.0,0.0,0.0,0.0,0.0,0.0,0.0,0.0,0.0,0.0,0.0,0.0,0.0,0.0,0.0,0.0,0.0,0.0,0.0,0.0,0.17085622066796508,0.0,0.0,0.0,0.0,0.23566043163904846,0.0,0.17085622066796508,0.0,0.0,0.0,0.46108199933320676,0.0,0.5600492037851592,0.0
2025-11-26 07:30:38,China Japan,0.0,0.0,0.0,0.0,0.0,0.0,0.0,0.0,0.0,0.0,0.0,0.0,0.0,0.0,0.0,0.0,0.0,0.0,0.0,0.0,0.0,0.0,0.0,0.0,0.0,0.0,0.0,0.0,0.19165518896354672,0.0,0.0,0.0,0.0,0.0,0.11767382375348069,0.0,0.0,0.0,0.0,0.11495530580376376,0.0,0.0,0.0,0.13015326770206906,0.0,0.0,0.0,0.0,0.0,0.0,0.0,0.0,0.0,0.0,0.0,0.0,0.12053548603857543,0.0,0.0,0.0,0.0,0.19165518896354672,0.0,0.0,0.0,0.0,0.0,0.0,0.0,0.0,0.2110436929227197,0.0,0.0,0.0,0.0,0.0,0.0,0.0,0.0,0.0,0.0,0.0,0.0,0.0,0.0,0.0,0.0,0.0,0.0,0.0,0.0,0.0,0.0,0.0,0.0,0.19165518896354672,0.0,0.0,0.2110436929227197,0.0,0.0,0.0,0.10203570536164727,0.0,0.0,0.0,0.0,0.0,0.0,0.0,0.0,0.0,0.0,0.0,0.0,0.5452330979929982,0.0,0.0,0.0,0.0,0.0,0.0,0.0,0.0,0.0,0.0,0.302648389244116,0.0,0.0,0.0,0.0,0.0,0.0,0.0,0.4495291918655687,0.0
2025-11-13 13:14:57,China Japan,0.0,0.0,0.0,0.0,0.0,0.0,0.0,0.0,0.0,0.0,0.14705724753305952,0.0,0.0,0.0,0.0,0.0,0.0,0.0,0.0,0.0,0.0,0.0,0.0,0.0,0.18733817594254842,0.0,0.0,0.15749094241015768,0.0,0.0,0.0,0.18258640795267903,0.0,0.12734199053345596,0.0,0.0,0.0,0.0,0.1546897703933678,0.0,0.16044360101897276,0.0,0.0,0.0,0.0,0.0,0.0,0.0,0.0,0.38508629773750797,0.0,0.0,0.0,0.0,0.0,0.0,0.0,0.0,0.0,0.0,0.0,0.0,0.0,0.0,0.0,0.3965939589887179,0.0,0.0,0.0,0.0,0.0,0.0,0.0,0.0,0.0,0.0,0.17416810345777295,0.0,0.0,0.0,0.0,0.0,0.0,0.1325469634596615,0.0,0.20293641893811407,0.0,0.0,0.0,0.0,0.0,0.0,0.0,0.0,0.0,0.0,0.0,0.0,0.0,0.18258640795267903,0.0,0.16356507237861742,0.10250844818562538,0.0,0.0,0.0,0.0,0.0,0.0,0.0,0.0,0.0,0.0,0.0,0.0,0.0,0.0,0.0,0.3483362069155459,0.0,0.0,0.0,0.0,0.0,0.0,0.0,0.0,0.0,0.0,0.0,0.0,0.0,0.0,0.0,0.0,0.0
2025-11-24 10:18:35,China Japan,0.0,0.20331452335209577,0.0,0.0,0.0,0.0,0.0,0.0,0.20990951474406264,0.0,0.0,0.0,0.0,0.0,0.0,0.0,0.0,0.0,0.0,0.0,0.0,0.0,0.0,0.0,0.0,0.18272461627401357,0.0,0.0,0.0,0.0,0.0,0.0,0.0,0.0,0.12121033667934833,0.0,0.0,0.0,0.15860391325762682,0.0,0.0,0.0,0.0,0.0,0.0,0.0,0.16450333408630788,0.0,0.0,0.1974151025234147,0.0,0.0,0.0,0.0,0.0,0.0,0.24831600399341083,0.0,0.0,0.0,0.0,0.0,0.0,0.0,0.0,0.0,0.0,0.0,0.0,0.0,0.0,0.29679047029879474,0.0,0.0,0.16770378859278426,0.0,0.17857511005941953,0.0,0.0,0.22601761368097315,0.0,0.0,0.0,0.13590082292874942,0.0,0.20807135535999238,0.0,0.0,0.0,0.1974151025234147,0.0,0.0,0.0,0.0,0.0,0.0,0.18272461627401357,0.0,0.0,0.0,0.0,0.0,0.2102044754848756,0.0,0.0,0.0,0.0,0.0,0.0,0.0,0.0,0.0,0.0,0.0,0.0,0.0,0.0,0.0,0.0,0.0,0.0,0.0,0.0,0.0,0.0,0.0,0.0,0.0,0.0,0.20990951474406264,0.0,0.0,0.0,0.0,0.09260782552178987,0.0
2025-11-09 23:18:30,China Japan,0.0,0.0,0.0,0.0,0.0,0.0,0.0,0.0,0.0,0.13376609087859556,0.08923649154542512,0.0,0.0,0.0,0.0,0.0,0.0,0.0,0.0,0.0,0.0,0.0,0.0,0.11683800264447006,0.11367954884287083,0.0,0.0,0.0,0.11683800264447006,0.1056877559754292,0.0,0.0,0.1056877559754292,0.3090919394247941,0.0,0.0,0.12032951133641792,0.0,0.0938680181999754,0.140159506206228,0.0,0.0,0.08782612198960625,0.07934482712520319,0.0,0.0,0.0,0.0,0.0,0.0,0.0,0.0,0.0,0.0,0.0,0.0,0.07348157653694523,0.1012627015317839,0.0,0.0,0.0,0.0,0.0,0.11683800264447006,0.0,0.0,0.0,0.0,0.0,0.0,0.0,0.08782612198960625,0.1107961064341009,0.12032951133641792,0.0,0.0,0.0,0.10340142310229239,0.0,0.0,0.0,0.0,0.0,0.2412943159733932,0.11683800264447006,0.061572395569143096,0.0,0.2675321817571911,0.0,0.0,0.0,0.0,0.0,0.0,0.0,0.0,0.0,0.0,0.0,0.0,0.0,0.0,0.1244072553145643,0.08647333486816688,0.0,0.0,0.17847298309085025,0.0,0.0,0.13856238397751378,0.0,0.0,0.0,0.13376609087859556,0.10814359654627145,0.3323883193023027,0.0,0.0,0.0,0.0,0.0,0.0,0.0,0.12423268597627857,0.0,0.0,0.0,0.0,0.0,0.49693074390511427,0.0,0.0,0.12032951133641792,0.0,0.10961788865094728,0.0
2025-11-07 06:48:50,China Japan,0.0,0.0,0.0,0.0,0.0,0.0,0.0,0.0,0.0,0.0,0.0,0.0,0.0,0.0,0.0,0.0,0.0,0.0,0.0,0.0,0.0,0.0,0.0,0.0,0.0,0.0,0.0,0.0,0.0,0.0,0.0,0.0,0.0,0.0,0.0,0.0,0.0,0.0,0.0,0.15144682166557033,0.0,0.0,0.0,0.0,0.0,0.0,0.0,0.0,0.0,0.0,0.17875838653692663,0.0,0.0,0.0,0.0,0.0,0.0,0.0,0.0,0.0,0.2684747677464096,0.2524943848506827,0.0,0.0,0.0,0.0,0.0,0.0,0.0,0.0,0.0,0.0,0.0,0.0,0.0,0.0,0.0,0.0,0.0,0.0,0.0,0.0,0.0,0.0,0.0,0.0,0.0,0.0,0.0,0.0,0.0,0.0,0.0,0.0,0.0,0.2524943848506827,0.0,0.0,0.2780375929778446,0.239437461311764,0.0,0.0,0.13442601161711779,0.0,0.0,0.21040015487711836,0.0,0.0,0.0,0.0,0.30289364333114066,0.0,0.0,0.0,0.0,0.478874922623528,0.0,0.0,0.0,0.0,0.0,0.0,0.0,0.0,0.0,0.24566876449032096,0.0,0.0,0.0,0.0,0.2890770645322229,0.0,0.0,0.0,0.0,0.0
2025-12-04 14:56:51,China-US Relations,0.0,0.13535877529105034,0.0,0.0,0.1504735956765919,0.0,0.0,0.0,0.0,0.0,0.10038220942399191,0.0,0.0,0.0,0.0,0.0,0.0,0.0,0.0,0.0,0.0,0.0,0.0,0.1314311740300529,0.0,0.0,0.0,0.0,0.0,0.0,0.0,0.0,0.0,0.08692445001273187,0.0,0.0,0.0,0.0,0.0,0.0,0.0,0.0,0.09879568344492688,0.0,0.0,0.0,0.0,0.0,0.0,0.0,0.0,0.09879568344492688,0.0,0.0,0.0,0.0,0.16531898278367227,0.0,0.0,0.0,0.279498919892602,0.0,0.1139105038304685,0.1314311740300529,0.09581187269163471,0.0,0.0,0.0,0.0,0.0,0.0,0.0,0.0,0.13535877529105034,0.0,0.0,0.0,0.0,0.0,0.0,0.0,0.0,0.0,0.0,0.0,0.0,0.0,0.0,0.0,0.2628623480601058,0.0,0.0,0.0,0.0,0.0,0.0,0.0,0.0,0.0,0.0,0.0,0.0,0.13994583315160442,0.0,0.0,0.10951981917521782,0.0,0.0,0.0,0.0,0.0,0.0,0.43418162298355717,0.0,0.0,0.4985385582430376,0.0,0.0,0.0,0.0,0.2557564530282119,0.0,0.0,0.0,0.0,0.12787822651410596,0.0,0.0,0.0,0.0,0.0,0.0,0.0,0.0,0.12330926131910819,0.0
2025-11-13 09:09:02,China-US Relations,0.0,0.0,0.0,0.0,0.0,0.0,0.0,0.0,0.0,0.0,0.0,0.0,0.0,0.0,0.0,0.0,0.0,0.0,0.0,0.0,0.0,0.0,0.0,0.0,0.0,0.0,0.0,0.0,0.0,0.0,0.0,0.0,0.0,0.0,0.0,0.0,0.0,0.0,0.0,0.0,0.2569740079441506,0.0,0.0,0.0,0.0,0.0,0.0,0.0,0.0,0.0,0.0,0.0,0.0,0.0,0.0,0.0,0.0,0.0,0.0,0.0,0.0,0.0,0.0,0.0,0.0,0.0,0.0,0.0,0.0,0.0,0.0,0.0,0.0,0.0,0.0,0.0,0.0,0.0,0.0,0.0,0.0,0.0,0.29243896764806027,0.0,0.0,0.16251625057391236,0.0,0.0,0.0,0.0,0.0,0.0,0.0,0.0,0.0,0.0,0.0,0.0,0.0,0.0,0.0,0.2619735030993105,0.0,0.0,0.0,0.0,0.0,0.0,0.0,0.0,0.0,0.0,0.0,0.0,0.0,0.0,0.0,0.0,0.0,0.0,0.0,0.0,0.0,0.0,0.0,0.0,0.0,0.0,0.0,0.0,0.0,0.0,0.0,0.0,0.8679874200789601,0.0
2025-11-17 23:01:18,China-US Relations,0.0,0.0,0.0,0.0,0.0,0.0,0.0,0.0,0.0,0.0,0.0,0.0,0.0,0.0,0.0,0.0,0.08951937964591784,0.0,0.0,0.0,0.0,0.10395095531526993,0.0,0.0,0.0,0.17475248882069083,0.0,0.07721544896190849,0.0,0.0,0.0,0.0,0.0,0.0,0.0,0.0,0.0,0.0,0.0,0.16986596980990093,0.0,0.0,0.07096043543635248,0.0,0.0,0.0,0.0,0.0,0.0,0.0,0.0668330668961392,0.0,0.0,0.0,0.0,0.0,0.0,0.08181672185192426,0.0,0.20075133212297927,0.0,0.0,0.0,0.0,0.0,0.0,0.0,0.0,0.0,0.07453572469013278,0.0,0.07096043543635248,0.0,0.0,0.0,0.0,0.08539201110570456,0.0,0.0,0.0,0.21615664771096643,0.0,0.1790387592918357,0.0,0.0,0.04974834253711904,0.0,0.0,0.0,0.0,0.0,0.0,0.09184910028308971,0.0,0.0,0.0,0.0,0.0,0.0,0.0,0.0,0.08019350386074914,0.20103342396485877,0.06986743074691183,0.0,0.0,0.0,0.13973486149382366,0.0,0.2798839024028371,0.16986596980990093,0.0,0.0,0.0,0.08737624441034542,0.0,0.0,0.0,0.0,0.0,0.18369820056617941,0.21615664771096643,0.27554730084926915,0.0,0.0,0.0,0.44721434814079675,0.10037566606148964,0.0,0.0,0.0,0.0,0.09722203743991144,0.0,0.3542696835096678,0.0
2025-12-05 12:07:34,China-US Relations,0.0,0.0,0.0,0.0,0.0,0.0,0.0,0.0,0.0,0.0,0.0,0.0,0.0,0.0,0.0,0.0,0.0,0.0,0.0,0.0,0.1900790016458507,0.0,0.0,0.0,0.0,0.0,0.0,0.0,0.0,0.1719391181577229,0.0,0.0,0.0,0.0,0.11670606499031821,0.0,0.0,0.0,0.0,0.0,0.0,0.0,0.0,0.0,0.0,0.0,0.0,0.0,0.0,0.0,0.13457018328885115,0.0,0.0,0.0,0.0,0.0,0.0,0.0,0.0,0.20210911165615653,0.0,0.0,0.0,0.0,0.2771309811609988,0.0,0.0,0.0,0.0,0.0,0.0,0.0,0.0,0.0,0.0,0.0,0.0,0.0,0.0,0.0,0.0,0.0,0.0,0.13085064118679776,0.0,0.0,0.0,0.0,0.0,0.0,0.0,0.0,0.0,0.0,0.0,0.0,0.17593442544937116,0.0,0.0,0.0,0.0,0.0,0.1011965557116277,0.0,0.0,0.15839026047579408,0.14517522415157116,0.0,0.0,0.0,0.0,0.0,0.20930805302659464,0.0,0.0,0.0,0.0,0.0,0.0,0.0,0.0,0.0,0.0,0.0,0.0,0.5548219242677971,0.0,0.0,0.0,0.0,0.0,0.0,0.0,0.20930805302659464,0.0891664457013219,0.0
2025-11-17 05:49:13,China-US Relations,0.0,0.0,0.10388433539246772,0.0,0.0,0.0,0.0,0.10388433539246772,0.0,0.11893562997012638,0.0,0.0,0.0,0.11439363523947584,0.0,0.20215210996361815,0.0,0.10698874535986282,0.0,0.0,0.10388433539246772,0.0,0.0,0.0,0.10107605498180908,0.0,0.0,0.0,0.0,0.0,0.0,0.0,0.09397030110175734,0.13741167246765404,0.06378364728776452,0.0,0.0,0.0,0.0,0.18693032431592488,0.0,0.0,0.0,0.0,0.0,0.1764991269469261,0.0,0.0,0.0,0.31165300617740316,0.07354696696403885,0.0,0.0,0.0,0.0,0.0,0.0,0.0,0.0,0.0,0.0,0.0,0.0,0.10388433539246772,0.07573053189802807,0.0,0.0,0.0,0.0,0.0,0.0,0.31235584677875755,0.0,0.0,0.08824956347346305,0.0,0.0,0.0,0.11439363523947584,0.0,0.0,0.0,0.0,0.07151411664448565,0.0,0.10949189899602065,0.0,0.0,0.0,0.0,0.0,0.11439363523947584,0.20215210996361815,0.0,0.0,0.0,0.0,0.0,0.0,0.0,0.0,0.0,0.11061439552061918,0.0,0.0,0.0,0.0,0.0,0.0,0.18480024706132583,0.12462021621061659,0.0,0.0,0.0,0.0,0.0,0.0,0.3431809057184275,0.0,0.0,0.10107605498180908,0.11893562997012638,0.10107605498180908,0.0,0.0,0.10107605498180908,0.0,0.0,0.0,0.0,0.0,0.0,0.0,0.0,0.38985882168084673,0.0
2025-11-12 15:59:31,China-US Relations,0.20504694498422435,0.0,0.0,0.21923862507779113,0.0,0.0,0.0,0.0,0.0,0.0,0.0,0.0,0.0,0.0,0.0,0.0,0.0,0.0,0.0,0.0,0.0,0.0,0.0,0.0,0.0,0.0,0.0,0.0,0.0,0.0,0.0,0.0,0.0,0.0,0.0,0.0,0.0,0.0,0.0,0.0,0.16590504966387565,0.0,0.0,0.13520718418641467,0.0,0.0,0.0,0.0,0.0,0.0,0.1409548344370937,0.14965969531308382,0.0,0.0,0.0,0.17255623628264072,0.0,0.0,0.0,0.0,0.0,0.0,0.0,0.0,0.0,0.0,0.0,0.0,0.0,0.1572001887878855,0.0,0.0,0.0,0.0,0.0,0.0,0.0,0.0,0.0,0.0,0.0,0.19371510727942998,0.0,0.13705881952232338,0.0,0.0,0.0,0.0,0.0,0.0,0.0,0.0,0.0,0.0,0.0,0.0,0.0,0.0,0.0,0.0,0.0,0.16913277490599965,0.0,0.0,0.0,0.0,0.0,0.0,0.0,0.7083497608052206,0.0,0.0,0.0,0.0,0.3685631869545925,0.0,0.0,0.0,0.0,0.0,0.0,0.0,0.0,0.0,0.0,0.0,0.0,0.0,0.0,0.0,0.0,0.0,0.0,0.0,0.0,0.0
2025-11-26 06:12:13,China-US Relations,0.0,0.0,0.0,0.0,0.0,0.0,0.0,0.0,0.0,0.0,0.0,0.0,0.0,0.0,0.0,0.0,0.0,0.0,0.0,0.0,0.0,0.0,0.0,0.0,0.0,0.0,0.0,0.0,0.0,0.0,0.0,0.0,0.0,0.0,0.0,0.0,0.0,0.0,0.0,0.0,0.0,0.0,0.0,0.0,0.0,0.6779456628036141,0.0,0.0,0.0,0.0,0.0,0.0,0.0,0.0,0.0,0.0,0.0,0.0,0.0,0.0,0.0,0.0,0.0,0.0,0.0,0.0,0.0,0.0,0.0,0.0,0.0,0.5998904788879946,0.0,0.0,0.0,0.0,0.0,0.0,0.0,0.0,0.0,0.0,0.0,0.0,0.0,0.0,0.0,0.0,0.0,0.0,0.0,0.0,0.0,0.0,0.0,0.0,0.0,0.0,0.0,0.0,0.0,0.0,0.4248777372672059,0.0,0.0,0.0,0.0,0.0,0.0,0.0,0.0,0.0,0.0,0.0,0.0,0.0,0.0,0.0,0.0,0.0,0.0,0.0,0.0,0.0,0.0,0.0,0.0,0.0,0.0,0.0,0.0,0.0,0.0,0.0,0.0,0.0
2025-11-11 00:01:10,China-US Relations,0.0,0.0,0.0,0.0,0.0,0.0,0.0,0.0,0.0,0.0,0.0,0.0,0.0,0.0,0.0,0.0,0.0,0.0,0.0,0.0,0.0,0.0,0.0,0.0,0.0,0.0,0.0,0.09297698226978125,0.0,0.0,0.0,0.0,0.0,0.0,0.0,0.0,0.0,0.0,0.0,0.0,0.0,0.0,0.0,0.07719380148592425,0.0,0.0,0.0,0.0,0.0,0.0,0.0,0.0,0.0,0.0,0.0,0.0,0.1429790053764938,0.0,0.0,0.0,0.0,0.0,0.0,0.0,0.0,0.0,0.0,0.0,0.0,0.0,0.0,0.0,0.0,0.0,0.0965629299169229,0.0,0.10282257772628796,0.0,0.0,0.0,0.0,0.0,0.10779244161678445,0.0,0.0,0.17970953316504798,0.0,0.0,0.0,0.0,0.0,0.0,0.0,0.13013971343760697,0.0,0.0,0.0,0.0,0.0,0.0,0.0,0.0,0.06051729720834386,0.0,0.0,0.09472012560818069,0.0,0.08412905651815084,0.0,0.20220896969058497,0.0,0.0,0.0,0.0,0.10521184084998891,0.0,0.0,0.0,0.0,0.0,0.0,0.0,0.22119542872124012,0.0,0.0,0.0,0.08975026171768419,0.6043237881269411,0.0,0.0,0.0,0.0,0.0,0.0,0.5332308256513643,0.11706739742900321
2025-11-18 19:00:18,China-US Relations,0.0,0.0,0.0,0.0,0.0,0.0,0.0,0.0,0.0,0.0,0.0,0.0,0.0,0.0,0.0,0.0,0.0,0.0,0.0,0.0,0.0,0.0,0.0,0.0,0.0,0.0,0.0,0.0,0.0,0.0,0.0,0.0,0.0,0.0,0.0,0.0,0.0,0.0,0.0,0.0,0.0,0.0,0.0,0.26184176248836444,0.0,0.0,0.0,0.0,0.0,0.0,0.0,0.289830445253714,0.0,0.0,0.0,0.0,0.24249275230629114,0.0,0.0,0.0,0.0,0.0,0.0,0.0,0.0,0.0,0.0,0.0,0.0,0.0,0.0,0.0,0.0,0.0,0.32754194344345006,0.0,0.0,0.0,0.0,0.0,0.0,0.0,0.0,0.0,0.0,0.0,0.0,0.0,0.40997386513127393,0.0,0.0,0.4245767585600128,0.0,0.0,0.0,0.0,0.0,0.0,0.0,0.0,0.0,0.32754194344345006,0.0,0.0,0.0,0.0,0.0,0.0,0.0,0.22863128038587185,0.0,0.0,0.0,0.0,0.0,0.0,0.0,0.0,0.0,0.0,0.3751480027920369,0.0,0.0,0.0,0.0,0.0,0.0,0.0,0.0,0.0,0.0,0.0,0.0,0.0,0.18087216397438094,0.0
2025-11-16 13:33:18,China-US Relations,0.0,0.0,0.0,0.0,0.0,0.0,0.06787893166969963,0.0,0.0,0.0,0.04875752032932976,0.0,0.0,0.0,0.0,0.0,0.0,0.06574629384904916,0.0,0.0,0.0,0.0,0.0,0.0,0.06211285111891501,0.0,0.0,0.0,0.0,0.0,0.0,0.0,0.0,0.04222083437823419,0.0,0.0,0.0,0.0,0.0,0.0,0.05319582862881211,0.07029671702026553,0.0,0.04335285884267357,0.0,0.0,0.0,0.0,0.0,0.0,0.0,0.0,0.0,0.0,0.0,0.0,0.04014926404863779,0.0,0.0,0.0,0.0,0.0,0.0,0.0,0.04653762212806015,0.0,0.0,0.0,0.0,0.0,0.0,0.047986914929018805,0.0,0.0,0.10846153420457415,0.0,0.0,0.05649703279095485,0.0,0.0,0.0,0.0,0.0,0.0,0.0,0.0,0.0,0.0,0.0,0.0,0.0,0.0,0.0,0.07308784536949292,0.0,0.0,0.0,0.06211285111891501,0.0,0.0,0.0,0.0,0.06797431381564618,0.0,0.0,0.05319582862881211,0.0,0.0,0.0,0.0,0.0,0.0,0.07029671702026553,0.0,0.11817617469659442,0.060537380149255866,0.0,0.0,0.0,0.0,0.0,0.0,0.0,0.0,0.0,0.0,0.0,0.0,0.0,0.0,0.0,0.0,0.0,0.913857321263452,0.1497340477476104,0.06574629384904916
2025-11-18 12:50:24,China-US Relations,0.0,0.0,0.0,0.0,0.0,0.0,0.0,0.0,0.0,0.0,0.0,0.0,0.0,0.0,0.0,0.0,0.3008265765171059,0.0,0.0,0.0,0.0,0.0,0.0,0.0,0.0,0.0,0.0,0.0,0.0,0.0,0.0,0.0,0.0,0.0,0.0,0.0,0.0,0.0,0.0,0.0,0.0,0.34932335475138987,0.0,0.0,0.0,0.0,0.0,0.30865551686827625,0.0,0.0,0.0,0.0,0.0,0.0,0.0,0.0,0.0,0.0,0.0,0.0,0.0,0.0,0.0,0.0,0.0,0.0,0.0,0.0,0.0,0.2504745561848478,0.0,0.0,0.0,0.0,0.0,0.0,0.0,0.0,0.0,0.0,0.0,0.0,0.0,0.0,0.0,0.0,0.3631932246375289,0.0,0.0,0.0,0.0,0.0,0.0,0.0,0.0,0.0,0.29362464953235123,0.0,0.0,0.0,0.34932335475138987,0.0,0.16889135329150526,0.0,0.0,0.0,0.0,0.0,0.0,0.0,0.0,0.32671107419140993,0.0,0.0,0.0,0.0,0.0,0.0,0.0,0.0,0.0,0.0,0.0,0.0,0.0,0.0,0.0,0.0,0.0,0.0,0.0,0.0,0.0,0.0,0.148813777077587,0.0
2025-12-01 21:21:40,China-US Relations,0.0,0.0,0.0,0.0,0.0,0.0,0.0,0.0,0.0,0.0,0.14832413898677702,0.0,0.0,0.0,0.0,0.0,0.0,0.0,0.0,0.0,0.0,0.2138480372915086,0.0,0.19420189927967024,0.0,0.0,0.0,0.0,0.0,0.1756685536938705,0.0,0.0,0.0,0.1284390359508873,0.0,0.0,0.0,0.0,0.0,0.0,0.0,0.0,0.0,0.13188274171906056,0.0,0.0,0.0,0.0,0.0,0.0,0.0,0.0,0.0,0.0,0.0,0.0,0.12213715916526437,0.16831346410040307,0.0,0.0,0.2064929476980412,0.0,0.0,0.0,0.0,0.0,0.0,0.0,0.2138480372915086,0.0,0.0,0.1459798978988863,0.0,0.0,0.0,0.0,0.0,0.0,0.0,0.0,0.0,0.0,0.0,0.0,0.0,0.10234235344738402,0.0,0.0,0.0,0.0,0.0,0.0,0.18895208575004216,0.0,0.0,0.0,0.0,0.0,0.0,0.5524781444895732,0.0,0.0,0.0,0.0,0.0,0.0,0.0,0.0,0.0,0.0,0.0,0.0,0.0,0.0,0.0,0.0,0.0,0.2138480372915086,0.351337107387741,0.0,0.0,0.0,0.0,0.0,0.0,0.0,0.15333498749235372,0.0,0.0,0.0,0.0,0.0,0.0,0.0,0.3644020214179677,0.0
2025-11-24 00:19:18,China-US Relations,0.0,0.0,0.0,0.0,0.0,0.10658881088804847,0.0,0.0,0.0,0.0,0.0,0.0,0.0,0.0,0.11004627314257372,0.0,0.0,0.0,0.0,0.0,0.0,0.0,0.0,0.0,0.0,0.0,0.0,0.08465470487720854,0.0,0.0,0.0,0.0,0.0,0.06844900704836161,0.1270904354591309,0.0,0.0,0.0,0.08314901580860119,0.12415437356352371,0.0,0.0,0.0,0.0,0.0,0.0,0.0,0.0,0.0,0.0,0.0,0.0,0.0,0.0,0.0,0.0,0.06509054826421166,0.0,0.0,0.0,0.0,0.2069920110219814,0.08969928344018423,0.0,0.07544744370802281,0.0,0.0,0.0,0.0,0.24515041463651038,0.0,0.0,0.09814404716411634,0.10658881088804847,0.0,0.0,0.0,0.0,0.0,0.0,0.0,0.0,0.0,0.0,0.0,0.0,0.0,0.0,0.0,0.0,0.0,0.0,0.0,0.11849103686650585,0.0,0.0,0.09579443341041231,0.0,0.0,0.0,0.0,0.0,0.0,0.07659874817701816,0.0,0.0,0.0,0.07659874817701816,0.0,0.061369815176447295,0.12415437356352371,0.0,0.0,0.0,0.0,0.0,0.0,0.0,0.09361903085729417,0.0,0.0,0.0,0.10069822272920849,0.11004627314257372,0.2369820737330117,0.0,0.40858402439418395,0.0,0.0,0.0,0.0,0.0,0.0,0.0,0.679702609236704,0.0
2025-11-27 03:41:46,Japan Contingency,0.0,0.0,0.0,0.0,0.0,0.0,0.0,0.0,0.0,0.0,0.0,0.0,0.0,0.0,0.0,0.0,0.0,0.0,0.0,0.0,0.0,0.0,0.0,0.0,0.0,0.0,0.0,0.0,0.0,0.0,0.0,0.0,0.0,0.0,0.0,0.0,0.0,0.0,0.0,0.0,0.0,0.0,0.0,0.18085246044679104,0.0,0.0,0.0,0.0,0.0,0.0,0.0,0.0,0.0,0.0,0.0,0.0,0.0,0.2308103676956024,0.0,0.0,0.0,0.0,0.0,0.0,0.0,0.0,0.0,0.0,0.0,0.0,0.0,0.0,0.0,0.0,0.0,0.0,0.0,0.0,0.0,0.0,0.0,0.0,0.0,0.0,0.0,0.0,0.0,0.0,0.2831663731684763,0.0,0.0,0.0,0.0,0.0,0.2663115040706817,0.0,0.0,0.0,0.0,0.0,0.0,0.0,0.0,0.0,0.0,0.0,0.0,0.0,0.0,0.31582837817723974,0.0,0.0,0.0,0.3048960787521674,0.0,0.0,0.0,0.0,0.2408964944506767,0.0,0.0,0.0,0.0,0.0,0.0,0.0,0.0,0.0,0.0,0.0,0.0,0.5865049998471014,0.27426977886298454,0.0,0.0,0.0
2025-11-10 00:09:19,China-Japan Diplomacy,0.0,0.0,0.0,0.0,0.0,0.0,0.0,0.0,0.0,0.0,0.0,0.0,0.0,0.0,0.0,0.0,0.0,0.0,0.0,0.0,0.0,0.0,0.0,0.0,0.0,0.0,0.0,0.0,0.0,0.0,0.0,0.0,0.0,0.0,0.0,0.0,0.0,0.0,0.0,0.06453841708886733,0.0,0.0,0.0,0.0,0.0,0.0,0.0,0.0,0.0,0.0,0.07617712396717725,0.0808815476835789,0.0,0.0,0.0,0.0,0.06767125203639124,0.0,0.0,0.0,0.0,0.0,0.09325567196830431,0.0,0.0,0.0,0.0,0.0,0.0,0.0,0.0,0.0808815476835789,0.10203525286890322,0.0,0.0,0.0,0.09733082915250157,0.09522528085878285,0.0,0.0,0.0,0.10469069614015888,0.0,0.14814315134691705,0.10759940514350826,0.17011125626634843,0.0,0.0,0.0,0.10759940514350826,0.10469069614015888,0.0,0.0,0.0,0.0,0.10759940514350826,0.0,0.0,0.0,0.0,0.0,0.0914055088098238,0.22914028594132665,0.15927145589612712,0.1184845343378259,0.08966112858417782,0.16436079340724505,0.15927145589612712,0.11440937715362863,0.0,0.193615251266602,0.11081483376950214,0.0,0.0,0.0,0.0,0.11440937715362863,0.0,0.19466165830500315,0.1828110176196476,0.10469069614015888,0.0,0.0,0.0,0.0,0.10469069614015888,0.08495670486777616,0.0,0.0,0.22881875430725726,0.24637791610845508,0.0,0.0,0.0,0.353325696326479,0.4432593350780086
2025-11-28 07:57:44,Japan Taiwan,0.0,0.0,0.0,0.0,0.0,0.0,0.0,0.0,0.0,0.0,0.0,0.0,0.0,0.0,0.0,0.0,0.0,0.0,0.0,0.0,0.0,0.0,0.0,0.0,0.0,0.0,0.0,0.0,0.0,0.0,0.0,0.0,0.0,0.0,0.0,0.0,0.0,0.0,0.0,0.0,0.0,0.0,0.0,0.0,0.0,0.0,0.37878582402784194,0.0,0.0,0.0,0.0,0.0,0.0,0.0,0.0,0.0,0.0,0.0,0.0,0.0,0.0,0.0,0.0,0.0,0.0,0.0,0.0,0.0,0.0,0.0,0.0,0.0,0.0,0.0,0.0,0.0,0.0,0.0,0.0,0.5204287713587419,0.0,0.0,0.0,0.0,0.0,0.23955283409415287,0.0,0.0,0.0,0.0,0.0,0.0,0.0,0.0,0.0,0.0,0.0,0.0,0.0,0.0,0.5005542834716044,0.0,0.24200869819180804,0.0,0.0,0.0,0.0,0.0,0.0,0.0,0.0,0.0,0.0,0.0,0.0,0.0,0.0,0.0,0.0,0.0,0.0,0.0,0.0,0.0,0.0,0.0,0.0,0.0,0.0,0.0,0.0,0.0,0.46815257388246156,0.0,0.0,0.0
2025-12-07 15:55:51,Japan Taiwan,0.0,0.0,0.0,0.0,0.0,0.0,0.0,0.0,0.0,0.0,0.0,0.0,0.0,0.0,0.0,0.0,0.0,0.0,0.0,0.0,0.0,0.0,0.0,0.0,0.0,0.0,0.0,0.0,0.0,0.22707979284824958,0.0,0.0,0.0,0.0,0.0,0.0,0.0,0.0,0.0,0.0,0.0,0.0,0.0,0.0,0.0,0.0,0.0,0.0,0.0,0.0,0.17772668414381265,0.0,0.0,0.0,0.0,0.0,0.0,0.0,0.0,0.0,0.0,0.25103711581763244,0.0,0.0,0.0,0.0,0.0,0.0,0.0,0.0,0.0,0.0,0.0,0.0,0.0,0.0,0.0,0.0,0.0,0.0,0.0,0.0,0.0,0.0,0.0,0.0,0.0,0.0,0.0,0.0,0.0,0.0,0.0,0.0,0.0,0.0,0.0,0.24425088946275875,0.2764329015526865,0.2380555501935102,0.0,0.0,0.0,0.0,0.0,0.20918583230739973,0.0,0.0,0.0,0.0,0.0,0.0,0.0,0.0,0.0,0.0,0.0,0.2764329015526865,0.0,0.0,0.0,0.0,0.0,0.0,0.0,0.4885017789255175,0.0,0.0,0.0,0.0,0.0,0.0,0.0,0.2764329015526865,0.0,0.25853894101183666
2025-11-29 09:15:27,Taiwan Issue,0.0,0.0,0.0,0.0,0.0,0.0,0.0,0.0,0.0,0.0,0.0,0.0,0.0,0.0,0.0,0.0,0.0,0.0,0.0,0.0,0.0,0.0,0.0,0.0,0.0,0.0,0.0,0.0,0.0,0.0,0.0,0.0,0.0,0.0,0.0,0.0,0.0,0.0,0.0,0.0,0.5238475245086953,0.0,0.0,0.0,0.0,0.0,0.0,0.0,0.0,0.0,0.0,0.0,0.0,0.0,0.0,0.0,0.0,0.0,0.0,0.0,0.0,0.0,0.0,0.0,0.0,0.0,0.0,0.0,0.0,0.49636180402991154,0.0,0.0,0.0,0.0,0.0,0.0,0.0,0.0,0.6922490379670336,0.0,0.0,0.0,0.0,0.0,0.0,0.0,0.0,0.0,0.0,0.0,0.0,0.0,0.0,0.0,0.0,0.0,0.0,0.0,0.0,0.0,0.0,0.0,0.0,0.0,0.0,0.0,0.0,0.0,0.0,0.0,0.0,0.0,0.0,0.0,0.0,0.0,0.0,0.0,0.0,0.0,0.0,0.0,0.0,0.0,0.0,0.0,0.0,0.0,0.0,0.0,0.0,0.0,0.0,0.0,0.0,0.0
2025-11-20 08:23:24,Taiwan Issue,0.0,0.0,0.0,0.0,0.0,0.0,0.0,0.0,0.0,0.0,0.0,0.0,0.0,0.0,0.0,0.0,0.0,0.0,0.0,0.0,0.0,0.0,0.0,0.0,0.0,0.0,0.0,0.0,0.0,0.0,0.0,0.0,0.0,0.0,0.11299284261931014,0.0,0.0,0.0,0.0,0.11038246538287697,0.0,0.0,0.0,0.0,0.0,0.0,0.0,0.1790564080102571,0.0,0.0,0.0,0.0,0.0,0.0,0.0,0.0,0.0,0.0,0.0,0.0,0.0,0.0,0.0,0.0,0.0,0.0,0.19567863115929057,0.0,0.0,0.0,0.20264852470649428,0.0,0.0,0.189530749346211,0.0,0.21069467630805974,0.0,0.0,0.0,0.0,0.0,0.0,0.17451470419744183,0.1266873825921748,0.0,0.0,0.21069467630805974,0.0,0.0,0.0,0.0,0.0,0.0,0.0,0.0,0.0,0.0,0.0,0.0,0.0,0.0,0.15633425589151997,0.0,0.0,0.0,0.1533507772355931,0.0,0.0,0.0,0.43649861409363877,0.0,0.0,0.0,0.0,0.1703367416917768,0.0,0.0,0.0,0.0,0.0,0.0,0.0,0.0,0.39135726231858114,0.0,0.0,0.0,0.39135726231858114,0.0,0.0,0.0,0.0,0.0,0.0,0.1726588959517837,0.0
2025-11-10 00:17:37,China US,0.0,0.19131503724612042,0.0,0.0,0.0,0.0,0.0,0.0,0.0,0.0,0.0,0.0,0.0,0.0,0.0,0.0,0.0,0.0,0.2045563064876331,0.0,0.0,0.0,0.0,0.0,0.18074208795040414,0.0,0.0,0.0,0.0,0.0,0.0,0.0,0.0,0.0,0.11405658432115781,0.0,0.0,0.0,0.0,0.1114216323677817,0.0,0.0,0.0,0.0,0.0,0.0,0.0,0.0,0.0,0.0,0.0,0.0,0.0,0.0,0.0,0.16100021765261438,0.0,0.0,0.0,0.0,0.0,0.0,0.0,0.0,0.0,0.0,0.0,0.0,0.0,0.0,0.0,0.0,0.0,0.0,0.15780602404571556,0.0,0.0,0.16440062701501054,0.2045563064876331,0.0,0.0,0.0,0.0,0.0,0.37152759251543593,0.09789556211783865,0.0,0.0,0.0,0.0,0.0,0.0,0.0,0.0,0.18576379625771797,0.0,0.17194033260332567,0.0,0.0,0.0,0.0,0.15780602404571556,0.19779834904880958,0.0,0.0,0.0,0.0,0.0,0.0,0.22030395833200958,0.0,0.19131503724612042,0.0,0.0,0.0,0.0,0.0,0.0,0.0,0.0,0.0,0.0,0.0,0.0,0.0,0.0,0.0,0.0,0.0,0.0,0.0,0.0,0.19131503724612042,0.0,0.43571087045023976,0.19131503724612042
2025-11-07 08:00:25,China US,0.0,0.0,0.0,0.0,0.0,0.0,0.0,0.0,0.0,0.0,0.0,0.0,0.0,0.0,0.0,0.0,0.0,0.0,0.0,0.0,0.48265432649659307,0.0,0.552583757337505,0.0,0.0,0.0,0.0,0.0,0.0,0.4365929879379995,0.0,0.0,0.0,0.0,0.0,0.0,0.0,0.0,0.0,0.0,0.0,0.0,0.0,0.0,0.0,0.0,0.0,0.0,0.0,0.0,0.0,0.0,0.0,0.0,0.0,0.0,0.0,0.0,0.0,0.0,0.0,0.0,0.0,0.0,0.0,0.0,0.0,0.0,0.0,0.0,0.0,0.0,0.0,0.0,0.0,0.0,0.0,0.0,0.0,0.0,0.0,0.0,0.0,0.0,0.0,0.0,0.0,0.0,0.0,0.0,0.0,0.0,0.0,0.0,0.0,0.0,0.0,0.0,0.0,0.0,0.0,0.0,0.2569613424831287,0.0,0.0,0.0,0.0,0.0,0.0,0.0,0.0,0.0,0.0,0.0,0.0,0.0,0.0,0.0,0.0,0.0,0.0,0.0,0.0,0.0,0.0,0.0,0.0,0.0,0.0,0.0,0.0,0.0,0.0,0.0,0.4528282495533195,0.0
2025-12-02 06:02:35,China US,0.0,0.0,0.0,0.0,0.0,0.09139924299392027,0.0,0.0,0.0,0.0,0.0,0.0,0.0,0.0,0.0,0.0,0.0,0.0,0.0,0.0,0.0,0.3909006177815464,0.0,0.0,0.08634810025181379,0.0,0.0,0.0725908833881002,0.08874718160177743,0.08027773721172633,0.0,0.0,0.0,0.23477839280810495,0.10897925866658405,0.0,0.0,0.0,0.0,0.10646160383578154,0.0,0.0,0.0,0.1205366340174307,0.0,0.0,0.0,0.08634810025181379,0.0,0.0,0.0,0.13342098668545407,0.0977251544453866,0.0,0.24642939414923876,0.0,0.0,0.0,0.0,0.0,0.0,0.0,0.0,0.0,0.0,0.0,0.0,0.09139924299392027,0.0,0.07007165239559902,0.0,0.0,0.0,0.0,0.22617173242535485,0.0,0.0,0.15708219357130024,0.0,0.0,0.0,0.0,0.0,0.0,0.0,0.046768829041514325,0.0,0.10160532781004757,0.0,0.0,0.08634810025181379,0.0,0.0,0.0,0.0,0.0,0.0,0.0,0.0,0.0,0.0,0.07539057747511828,0.23624148457879535,0.0,0.0,0.0,0.0,0.0,0.09436399539251461,0.1578727054858163,0.10646160383578154,0.0,0.0,0.0,0.08214313138307958,0.0,0.0,0.0,0.0,0.07539057747511828,0.0,0.0,0.0,0.0,0.0,0.0,0.5605732191647922,0.0,0.0,0.09436399539251461,0.0,0.0,0.0,0.0,0.20815741562510942,0.0
2025-11-28 08:59:32,China US,0.0,0.0,0.0,0.0,0.0,0.0,0.0,0.0,0.0,0.0,0.0,0.0,0.0,0.0,0.0,0.0,0.0,0.0,0.0,0.0,0.0,0.0,0.0,0.0,0.0,0.4581660038319015,0.0,0.0,0.0,0.0,0.0,0.0,0.0,0.0,0.0,0.0,0.0,0.0,0.3976854493451348,0.0,0.0,0.0,0.0,0.0,0.0,0.0,0.0,0.0,0.0,0.0,0.0,0.0,0.0,0.0,0.0,0.0,0.0,0.0,0.0,0.0,0.0,0.0,0.0,0.0,0.0,0.0,0.0,0.0,0.0,0.0,0.0,0.37208808130228893,0.0,0.0,0.0,0.0,0.0,0.0,0.0,0.0,0.0,0.0,0.0,0.0,0.0,0.0,0.0,0.0,0.0,0.0,0.0,0.0,0.0,0.0,0.0,0.0,0.0,0.0,0.0,0.0,0.0,0.0,0.5270693488613609,0.0,0.0,0.0,0.0,0.0,0.0,0.0,0.0,0.0,0.0,0.0,0.0,0.0,0.0,0.0,0.0,0.0,0.0,0.0,0.0,0.0,0.0,0.0,0.0,0.0,0.0,0.0,0.0,0.0,0.0,0.0,0.46441205578183115,0.0
2025-12-02 09:52:28,China US,0.0,0.0,0.0,0.0,0.0,0.0,0.0,0.0,0.0,0.0,0.0,0.0,0.0,0.0,0.0,0.0,0.0,0.0,0.0,0.0,0.0,0.0,0.0,0.0,0.0,0.0,0.0,0.0,0.0,0.0,0.0,0.0,0.0,0.0,0.3362292408403368,0.0,0.0,0.0,0.0,0.32846162356328606,0.0,0.0,0.4116383026853365,0.371886737393977,0.0,0.0,0.0,0.0,0.0,0.0,0.0,0.0,0.0,0.0,0.0,0.0,0.0,0.0,0.0,0.0,0.0,0.547616085148406,0.0,0.0,0.0,0.0,0.0,0.0,0.0,0.0,0.0,0.0,0.0,0.0,0.0,0.0,0.0,0.0,0.0,0.0,0.0,0.0,0.0,0.0,0.0,0.0,0.0,0.0,0.0,0.0,0.0,0.0,0.0,0.0,0.0,0.0,0.0,0.0,0.0,0.0,0.0,0.0,0.0,0.0,0.0,0.0,0.0,0.0,0.0,0.3247187924527041,0.0,0.0,0.0,0.0,0.0,0.0,0.0,0.0,0.0,0.0,0.0,0.0,0.0,0.0,0.0,0.0,0.0,0.0,0.0,0.0,0.0,0.0,0.0,0.0,0.256887817690312,0.0
2025-11-28 09:47:59,China US,0.0,0.0,0.0,0.0,0.0,0.0,0.0,0.0,0.0,0.0,0.0,0.0,0.0,0.4635036866927344,0.0,0.0,0.0,0.0,0.0,0.32127138807371197,0.0,0.0,0.0,0.0,0.0,0.0,0.0,0.0,0.14030725964555835,0.0,0.0,0.26610345472046776,0.0,0.092794814224934,0.0,0.0,0.0,0.0,0.0,0.0,0.0,0.0,0.0,0.0,0.6425427761474239,0.0,0.0,0.0,0.0,0.0,0.0,0.0,0.0,0.0,0.0,0.0,0.0,0.0,0.0,0.0,0.0,0.0,0.0,0.0,0.0,0.0,0.0,0.0,0.0,0.0,0.0,0.0,0.0,0.0,0.11919077471208563,0.0,0.0,0.0,0.0,0.0,0.0,0.0,0.0,0.0,0.0,0.07394044657205268,0.0,0.0,0.0,0.0,0.0,0.0,0.0,0.0,0.0,0.0,0.0,0.0,0.1545012288975781,0.0,0.3090024577951562,0.0,0.0,0.0,0.0,0.0,0.0,0.0,0.0,0.0,0.08415667755341093,0.0,0.0,0.0,0.0,0.0,0.0,0.0,0.0,0.0,0.0,0.0,0.0,0.0,0.0,0.0,0.0,0.0,0.0,0.0,0.0,0.0,0.0,0.0,0.0,0.0
2025-11-19 15:53:52,China US,0.0,0.0,0.0,0.0,0.0,0.0,0.0,0.0,0.0,0.0,0.0,0.0,0.0,0.0,0.0,0.0,0.0,0.0,0.0,0.0,0.0,0.0,0.0,0.0,0.0,0.0,0.0,0.0,0.0,0.0,0.0,0.0,0.0,0.0,0.0964201391579834,0.0,0.0,0.0,0.0,0.18838525389924848,0.0,0.0,0.0,0.3199368164492547,0.0,0.0,0.0,0.0,0.0,0.0,0.0,0.0,0.0,0.0,0.0,0.13610492969717147,0.0,0.0,0.0,0.16697837145481398,0.16697837145481398,0.0,0.0,0.0,0.0,0.0,0.0,0.0,0.0,0.0,0.17292598804856504,0.0,0.0,0.0,0.0,0.5393760225481109,0.0,0.0,0.0,0.0,0.0,0.0,0.14891856575839446,0.0,0.0,0.24827423454412614,0.0,0.0,0.0,0.0,0.0,0.0,0.0,0.0,0.1570393431671602,0.0,0.0,0.0,0.0,0.0,0.0,0.0,0.0,0.0,0.0,0.0,0.1199407701403279,0.0,0.0,0.0,0.0,0.0,0.0,0.0,0.0,0.0,0.0,0.3458519760971301,0.14205254629092254,0.0,0.0,0.0,0.15279413613519596,0.0,0.0,0.0,0.0,0.33395674290962796,0.0,0.0,0.0,0.0,0.0,0.0,0.0,0.0
2025-12-02 15:54:45,China US,0.0,0.0,0.0,0.0,0.0,0.0,0.0,0.0,0.0,0.0,0.0,0.0,0.0,0.0,0.0,0.0,0.0,0.0,0.0,0.0,0.0,0.0,0.0,0.0,0.0,0.0,0.0,0.0,0.0,0.0,0.0,0.0,0.0,0.0,0.0,0.0,0.0,0.0,0.0,0.0,0.0,0.0,0.5730619185807251,0.5177218102286922,0.0,0.0,0.6352670026737609,0.0,0.0,0.0,0.0,0.0,0.0,0.0,0.0,0.0,0.0,0.0,0.0,0.0,0.0,0.0,0.0,0.0,0.0,0.0,0.0,0.0,0.0,0.0,0.0,0.0,0.0,0.0,0.0,0.0,0.0,0.0,0.0,0.0,0.0,0.0,0.0,0.0,0.0,0.0,0.0,0.0,0.0,0.0,0.0,0.0,0.0,0.0,0.0,0.0,0.0,0.0,0.0,0.0,0.0,0.0,0.0,0.0,0.0,0.0,0.0,0.0,0.0,0.0,0.0,0.0,0.0,0.0,0.0,0.0,0.0,0.0,0.0,0.0,0.0,0.0,0.0,0.0,0.0,0.0,0.0,0.0,0.0,0.0,0.0,0.0,0.0,0.0,0.0,0.0
2025-11-27 15:03:14,China US,0.0,0.0,0.0,0.0,0.0,0.0,0.0,0.0,0.0,0.0,0.0,0.0,0.0,0.0,0.0,0.0,0.0,0.0,0.0,0.0,0.0,0.0,0.0,0.0,0.0,0.0,0.0,0.0,0.0,0.0,0.0,0.0,0.0,0.0,0.0,0.0,0.0,0.0,0.0,0.0,0.0,0.0,0.0,0.0,0.8941591139316608,0.1658652489168039,0.0,0.0,0.0,0.0,0.0,0.0,0.0,0.1807214029917317,0.0,0.0,0.0,0.0,0.0,0.0,0.0,0.0,0.0,0.0,0.1423357014977818,0.0,0.0,0.0,0.0,0.0,0.0,0.0,0.0,0.0,0.0,0.0,0.0,0.0,0.0,0.0,0.0,0.0,0.0,0.0,0.0,0.205790265317398,0.0,0.0,0.0,0.0,0.0,0.0,0.0,0.0,0.0,0.0,0.0,0.0,0.0,0.0,0.0,0.0,0.0,0.14450769992712764,0.0,0.0,0.0,0.0,0.0,0.0,0.11711198542106914,0.0,0.0,0.0,0.0,0.0,0.0,0.0,0.0,0.0,0.0,0.0,0.0,0.0,0.0,0.0,0.0,0.0,0.0,0.0,0.0,0.0,0.0,0.0,0.0,0.0
2025-11-23 00:10:18,China US,0.0,0.17356951134728402,0.0,0.0,0.0,0.17356951134728402,0.0,0.0,0.0,0.0,0.0,0.0,0.0,0.0,0.0,0.0,0.0,0.0,0.0,0.0,0.0,0.0,0.19295112870293307,0.1685331786073307,0.0,0.0,0.0,0.0,0.0,0.0,0.0,0.0,0.15244948605134367,0.0,0.1034772064523909,0.0,0.0,0.0,0.0,0.10108666083948803,0.0,0.18558257976547907,0.1266849412746623,0.0,0.0,0.0,0.0,0.16397726146890026,0.0,0.0,0.11931639233720828,0.0,0.0,0.0,0.0,0.14606655863031134,0.2119872538481018,0.0,0.0,0.0,0.0,0.0,0.0,0.0,0.0,0.0,0.0,0.0,0.0,0.0,0.0,0.1266849412746623,0.0,0.0,0.0,0.0,0.0,0.0,0.0,0.0,0.0,0.16397726146890026,0.0,0.0,0.0,0.08881520827869745,0.0,0.0,0.0,0.1685331786073307,0.0,0.0,0.0,0.0,0.0,0.0,0.0,0.0,0.0,0.0,0.0,0.1431686441146593,0.08972573009390457,0.0,0.18558257976547907,0.14043641763314862,0.1287193312751183,0.0,0.0,0.0,0.3032599825184641,0.0,0.0,0.0,0.0,0.0,0.0,0.0,0.0,0.0,0.0,0.0,0.0,0.0,0.0,0.0,0.0,0.0,0.0,0.3583993046888935,0.19295112870293307,0.0,0.0,0.0,0.3162370254271541,0.0
2025-12-06 12:02:15,China US,0.0,0.0,0.0,0.0,0.0,0.0,0.0,0.0,0.0,0.0,0.0,0.0,0.0,0.0,0.0,0.0,0.0,0.0,0.0,0.0,0.0,0.0,0.0,0.0,0.0,0.0,0.0,0.0,0.0,0.0,0.0,0.0,0.0,0.0,0.0,0.0,0.0,0.0,0.0,0.0,0.0,0.0,0.0,0.0,0.0,0.0,0.0,0.0,0.0,0.0,0.0,0.0,0.0,0.0,0.0,0.0,0.0,0.0,0.0,0.0,0.0,0.0,0.0,0.0,1.0,0.0,0.0,0.0,0.0,0.0,0.0,0.0,0.0,0.0,0.0,0.0,0.0,0.0,0.0,0.0,0.0,0.0,0.0,0.0,0.0,0.0,0.0,0.0,0.0,0.0,0.0,0.0,0.0,0.0,0.0,0.0,0.0,0.0,0.0,0.0,0.0,0.0,0.0,0.0,0.0,0.0,0.0,0.0,0.0,0.0,0.0,0.0,0.0,0.0,0.0,0.0,0.0,0.0,0.0,0.0,0.0,0.0,0.0,0.0,0.0,0.0,0.0,0.0,0.0,0.0,0.0,0.0,0.0,0.0,0.0,0.0
2025-11-23 12:32:40,China US,0.0,0.0,0.0,0.0,0.6668016005613211,0.0,0.0,0.0,0.0,0.0,0.0,0.0,0.0,0.0,0.0,0.0,0.0,0.0,0.0,0.0,0.0,0.0,0.0,0.0,0.0,0.0,0.0,0.0,0.0,0.0,0.0,0.0,0.0,0.0,0.0,0.0,0.0,0.0,0.0,0.0,0.0,0.0,0.0,0.0,0.0,0.0,0.0,0.0,0.0,0.0,0.0,0.0,0.0,0.0,0.0,0.0,0.3662933746869671,0.0,0.0,0.0,0.0,0.0,0.0,0.0,0.0,0.0,0.0,0.0,0.0,0.0,0.0,0.0,0.0,0.0,0.0,0.0,0.0,0.0,0.0,0.0,0.0,0.0,0.0,0.4009372755098661,0.0,0.0,0.0,0.0,0.0,0.0,0.0,0.0,0.0,0.0,0.0,0.0,0.0,0.0,0.0,0.0,0.0,0.0,0.0,0.0,0.0,0.0,0.0,0.43105511805903624,0.0,0.0,0.0,0.0,0.0,0.0,0.0,0.0,0.0,0.0,0.0,0.0,0.0,0.0,0.0,0.0,0.0,0.0,0.0,0.0,0.0,0.0,0.0,0.0,0.0,0.0,0.2732134247271342,0.0
2025-11-28 19:08:29,China US,0.0,0.0,0.0,0.0,0.0,0.0,0.0,0.0,0.0,0.0,0.0,0.0,0.0,0.0,0.0,0.0,0.0,0.0,0.0,0.0,0.0,0.0,0.0,0.0,0.0,0.0,0.0,0.693604748845207,0.0,0.0,0.0,0.0,0.0,0.0,0.0,0.0,0.0,0.0,0.0,0.0,0.0,0.0,0.0,0.0,0.0,0.0,0.0,0.0,0.0,0.0,0.0,0.0,0.0,0.0,0.0,0.0,0.0,0.0,0.0,0.0,0.0,0.0,0.0,0.0,0.0,0.0,0.0,0.0,0.0,0.0,0.0,0.0,0.0,0.0,0.0,0.0,0.0,0.0,0.0,0.0,0.0,0.0,0.0,0.0,0.0,0.0,0.0,0.0,0.0,0.0,0.0,0.0,0.0,0.0,0.0,0.0,0.0,0.0,0.0,0.0,0.0,0.0,0.0,0.0,0.0,0.0,0.0,0.0,0.0,0.0,0.0,0.0,0.0,0.0,0.0,0.0,0.0,0.0,0.0,0.7203557818046422,0.0,0.0,0.0,0.0,0.0,0.0,0.0,0.0,0.0,0.0,0.0,0.0,0.0,0.0,0.0,0.0
2025-11-21 02:34:57,China US,0.0,0.0,0.0,0.0,0.0,0.0,0.0,0.0,0.0,0.0,0.0,0.0,0.0,0.0,0.34081142396408787,0.0,0.0,0.0,0.0,0.0,0.0,0.0,0.0,0.0,0.0,0.2966737203007115,0.0,0.0,0.0,0.0,0.1602626786238246,0.0,0.0,0.10599270150137871,0.0,0.0,0.0,0.0,0.0,0.09612599236035387,0.0,0.0,0.12046807754859598,0.10883457644105154,0.0,0.0,0.26708944377844346,0.0,0.0,0.0,0.11346112853092791,0.0,0.0,0.0,0.0,0.0,0.0,0.0,0.0,0.0,0.0,0.0,0.0,0.0,0.0,0.0,0.17040571198204393,0.0,0.0,0.0,0.0,0.0,0.15197521693563282,0.0,0.0,0.0,0.2899365358359295,0.14183218357741348,0.0,0.0,0.0,0.0,0.0,0.11032504419037664,0.0,0.0,0.0,0.0,0.0,0.0,0.0,0.0,0.0,0.0,0.0,0.0,0.0,0.0,0.0,0.0,0.0,0.0,0.08532258137628207,0.2372250117571368,0.0,0.13354472188922173,0.24480526613553827,0.0,0.0,0.38012253393806716,0.09612599236035387,0.16505186127625857,0.0,0.0,0.0,0.0,0.0,0.0,0.0,0.0,0.0,0.0,0.0,0.0,0.0,0.0,0.0,0.0,0.0,0.0,0.0,0.0,0.0,0.0,0.15035909603612546,0.0
2025-11-27 20:02:21,China US,0.0,0.0,0.0,0.0,0.0,0.0,0.0,0.42980671135387616,0.0,0.0,0.0,0.0,0.0,0.0,0.0,0.0,0.0,0.0,0.0,0.0,0.0,0.0,0.0,0.0,0.0,0.0,0.0,0.0,0.0,0.0,0.0,0.0,0.0,0.0,0.0,0.0,0.0,0.0,0.34530806150978616,0.0,0.0,0.0,0.0,0.0,0.0,0.0,0.0,0.0,0.0,0.0,0.0,0.0,0.0,0.0,0.3978229902386411,0.0,0.0,0.0,0.0,0.0,0.0,0.0,0.0,0.0,0.0,0.0,0.0,0.0,0.0,0.0,0.0,0.0,0.0,0.0,0.0,0.0,0.38878879985989034,0.0,0.0,0.0,0.0,0.0,0.0,0.0,0.0,0.0,0.0,0.0,0.0,0.0,0.0,0.47328744970398035,0.0,0.0,0.0,0.0,0.0,0.0,0.0,0.0,0.0,0.0,0.0,0.0,0.0,0.0,0.0,0.0,0.0,0.0,0.0,0.0,0.0,0.0,0.0,0.0,0.0,0.0,0.0,0.0,0.0,0.0,0.0,0.0,0.0,0.0,0.0,0.0,0.0,0.0,0.0,0.0,0.0,0.0,0.40324640237119774,0.0
2025-11-28 07:11:58,China US,0.0,0.0,0.0,0.0,0.0,0.0,0.0,0.17723188454264274,0.0,0.0,0.0,0.0,0.0,0.3903225539554442,0.0,0.0,0.0,0.0,0.0,0.20291014770644908,0.0,0.0,0.0,0.0,0.0,0.0,0.0,0.0,0.0,0.0,0.0,0.0,0.0,0.0,0.2176362002819027,0.0,0.0,0.0,0.0,0.0,0.14768493160347906,0.0,0.0,0.0,0.40582029541289816,0.0,0.0,0.0,0.0,0.0,0.5018992520166695,0.0,0.0,0.32808663248784276,0.0,0.0,0.11146440365328888,0.0,0.0,0.0,0.0,0.0,0.0,0.0,0.0,0.0,0.0,0.0,0.0,0.0,0.0,0.0,0.0,0.0,0.0,0.0,0.0,0.0,0.0,0.0,0.0,0.0,0.0,0.0,0.0,0.0,0.0,0.0,0.0,0.0,0.0,0.0,0.0,0.0,0.0,0.0,0.0,0.0,0.0,0.0,0.0,0.0,0.0,0.13117163726264375,0.0,0.0,0.0,0.13117163726264375,0.0,0.0,0.1063041684180645,0.0,0.0,0.0,0.0,0.0,0.0,0.0,0.0,0.0,0.0,0.0,0.0,0.0,0.0,0.0,0.0,0.0,0.0,0.0,0.0,0.0,0.0,0.0,0.0,0.0
2025-11-25 06:00:33,China US,0.0,0.0,0.0,0.0,0.0,0.0,0.0,0.0,0.0,0.0,0.0,0.0,0.0,0.0,0.0,0.0,0.0,0.0,0.0,0.0,0.0,0.0,0.0,0.0,0.0,0.0,0.0,0.0,0.0,0.0,0.0,0.0,0.0,0.0,0.3613053687176367,0.0,0.0,0.0,0.0,0.0,0.0,0.0,0.0,0.0,0.0,0.0,0.0,0.0,0.0,0.0,0.0,0.0,0.0,0.0,0.0,0.0,0.0,0.0,0.0,0.0,0.0,0.0,0.0,0.0,0.0,0.0,0.0,0.0,0.0,0.0,0.647987945447549,0.0,0.0,0.0,0.0,0.0,0.0,0.0,0.0,0.0,0.0,0.0,0.0,0.0,0.0,0.0,0.0,0.0,0.0,0.0,0.0,0.0,0.0,0.0,0.0,0.0,0.0,0.5725499068588396,0.0,0.0,0.0,0.0,0.0,0.0,0.0,0.0,0.0,0.0,0.0,0.348936465916664,0.0,0.0,0.0,0.0,0.0,0.0,0.0,0.0,0.0,0.0,0.0,0.0,0.0,0.0,0.0,0.0,0.0,0.0,0.0,0.0,0.0,0.0,0.0,0.0,0.0,0.0
2025-11-29 07:01:17,China US,0.0,0.0,0.0,0.0,0.0,0.0,0.0,0.0,0.0,0.0,0.0,0.0,0.0,0.34628027130623024,0.0,0.0,0.0,0.0,0.0,0.0,0.0,0.0,0.0,0.0,0.0,0.0,0.0,0.0,0.0,0.0,0.0,0.0,0.0,0.20797901527969712,0.0,0.0,0.0,0.0,0.0,0.0,0.0,0.0,0.2363826167867726,0.0,0.0,0.26713971208514936,0.0,0.0,0.0,0.0,0.0,0.0,0.0,0.0,0.29106677787009544,0.0,0.0,0.0,0.0,0.0,0.0,0.0,0.0,0.0,0.45848685684157203,0.0,0.0,0.0,0.0,0.0,0.0,0.0,0.0,0.0,0.0,0.0,0.0,0.0,0.0,0.0,0.0,0.0,0.0,0.0,0.0,0.0,0.0,0.0,0.0,0.0,0.0,0.0,0.0,0.3600293156853915,0.3144676342251362,0.0,0.0,0.0,0.0,0.0,0.0,0.0,0.0,0.0,0.0,0.0,0.0,0.0,0.0,0.18646923131078535,0.0,0.0,0.0,0.0,0.0,0.0,0.0,0.0,0.0,0.0,0.0,0.0,0.0,0.0,0.0,0.0,0.0,0.0,0.0,0.0,0.0,0.0,0.0,0.0,0.14751740586370474,0.0
2025-11-18 02:03:30,China US,0.0,0.0,0.0,0.0,0.0,0.2640606045134023,0.0,0.0,0.0,0.0,0.195827620676196,0.5870937965008803,0.0,0.0,0.0,0.0,0.0,0.0,0.0,0.0,0.0,0.0,0.0,0.5127971229298885,0.0,0.0,0.0,0.0,0.0,0.0,0.0,0.0,0.0,0.0,0.0,0.0,0.0,0.0,0.0,0.0,0.0,0.0,0.0,0.0,0.0,0.0,0.0,0.0,0.0,0.0,0.18152242547875624,0.0,0.0,0.0,0.0,0.0,0.0,0.0,0.0,0.0,0.0,0.0,0.0,0.0,0.0,0.0,0.0,0.0,0.0,0.0,0.0,0.0,0.0,0.0,0.0,0.0,0.0,0.0,0.0,0.0,0.0,0.0,0.0,0.17650511564433452,0.0,0.0,0.29354689825044017,0.0,0.0,0.0,0.0,0.0,0.0,0.0,0.0,0.0,0.0,0.0,0.0,0.0,0.0,0.0,0.1365045643390501,0.0,0.0,0.21365345242983041,0.0,0.0,0.0,0.0,0.0,0.0,0.0,0.0,0.0,0.0,0.0,0.0,0.0,0.0,0.0,0.0,0.0,0.0,0.0,0.0,0.0,0.0,0.0,0.0,0.0,0.0,0.0,0.0,0.0,0.2640606045134023
2025-11-24 06:43:20,China US,0.0,0.0,0.0,0.1591227344738064,0.0,0.0,0.0,0.14450418925876626,0.0,0.0,0.0,0.0,0.0,0.0,0.0,0.0,0.0,0.0,0.0,0.0,0.0,0.0,0.0,0.0,0.0,0.0,0.0,0.0,0.0,0.0,0.0,0.0,0.0,0.2867115949138932,0.0,0.0,0.0,0.0,0.0,0.17334801479678152,0.0,0.0,0.0,0.0,0.0,0.12275605916902697,0.0,0.0,0.0,0.0,0.10230459475365991,0.0,0.0,0.0,0.0,0.0,0.09088135197961483,0.0,0.0,0.0,0.0,0.0,0.0,0.0,0.0,0.0,0.7682493349817081,0.0,0.0,0.0,0.0,0.0,0.0,0.0,0.0,0.0,0.0,0.0,0.0,0.0,0.0,0.0,0.0,0.19895375770036505,0.0,0.0,0.0,0.0,0.0,0.0,0.0,0.0,0.0,0.0,0.0,0.0,0.0,0.0,0.0,0.0,0.0,0.0,0.07693288639075482,0.10694944166111765,0.0,0.0,0.0,0.0,0.0,0.0,0.08667400739839076,0.0,0.0,0.0,0.0,0.0,0.0,0.0,0.0,0.0,0.0,0.0,0.0,0.0,0.0,0.0,0.0,0.0,0.0,0.0,0.0,0.0,0.0,0.0,0.06778720865317947,0.0
2025-12-03 23:13:49,China US,0.0,0.0,0.0,0.0,0.255958604517436,0.0,0.0,0.2235670633346465,0.2377166345303531,0.0,0.0,0.0,0.0,0.0,0.0,0.0,0.0,0.230247991861313,0.2461838832394231,0.0,0.0,0.0,0.0,0.0,0.0,0.0,0.0,0.0,0.0,0.0,0.0,0.0,0.0,0.0,0.13726730463284398,0.0,0.0,0.230247991861313,0.0,0.13409613521172103,0.0,0.0,0.0,0.0,0.511917209034872,0.0,0.0,0.0,0.0,0.0,0.0,0.0,0.2461838832394231,0.0,0.0,0.0,0.0,0.0,0.0,0.0,0.0,0.0,0.0,0.0,0.162977917288967,0.0,0.0,0.0,0.0,0.0,0.0,0.0,0.0,0.0,0.0,0.0,0.0,0.0,0.0,0.0,0.0,0.0,0.0,0.0,0.0,0.0,0.0,0.0,0.0,0.0,0.2175234283432954,0.0,0.0,0.0,0.0,0.0,0.0,0.0,0.2461838832394231,0.0,0.0,0.0,0.0,0.16546490949573395,0.0,0.0,0.0,0.0,0.0,0.0,0.13409613521172103,0.0,0.0,0.0,0.0,0.0,0.2377166345303531,0.0,0.0,0.0,0.0,0.0,0.0,0.0,0.0,0.0,0.0,0.0,0.0,0.0,0.0,0.0,0.0,0.0,0.0,0.0
2025-12-05 12:50:31,China US,0.0,0.0,0.0,0.0,0.0,0.0,0.0,0.0,0.0,0.0,0.15071775531412426,0.0,0.0,0.0,0.0,0.0,0.0,0.0,0.0,0.0,0.0,0.0,0.0,0.0,0.0,0.0,0.0,0.1614111627992276,0.0,0.0,0.0,0.0,0.0,0.0,0.0,0.0,0.0,0.0,0.0,0.0,0.0,0.0,0.0,0.0,0.0,0.0,0.0,0.1920013453016377,0.0,0.0,0.0,0.0,0.0,0.0,0.0,0.0,0.0,0.0,0.0,0.0,0.0,0.0,0.0,0.0,0.0,0.0,0.0,0.0,0.0,0.0,0.0,0.0,0.0,0.0,0.0,0.0,0.0,0.1746418994782018,0.0,0.0,0.0,0.0,0.0,0.0,0.0,0.10399392769459835,0.0,0.0,0.0,0.0,0.0,0.0,0.0,0.0,0.0,0.0,0.0,0.0,0.0,0.3742625952700533,0.0,0.0,0.0,0.0,0.0,0.16443731815841509,0.0,0.0,0.0,0.0,0.0,0.0,0.43459812245100116,0.0,0.0,0.5613938929050799,0.0,0.0,0.0,0.0,0.0,0.0,0.0,0.0,0.0,0.0,0.0,0.0,0.0,0.0,0.0,0.0,0.0,0.0,0.09257066158486477,0.0
2025-11-12 03:27:44,China US,0.0,0.0,0.30747920799935746,0.0,0.0,0.0,0.0,0.0,0.0,0.0,0.0,0.0,0.0,0.0,0.0,0.0,0.0,0.0,0.0,0.0,0.0,0.33858487163360856,0.0,0.0,0.0,0.0,0.0,0.0,0.0,0.0,0.0,0.0,0.0,0.0,0.0,0.0,0.0,0.0,0.0,0.0,0.0,0.0,0.23112947688084443,0.0,0.0,0.0,0.0,0.0,0.0,0.0,0.0,0.23112947688084443,0.0,0.0,0.0,0.0,0.0,0.0,0.2845983897673503,0.0,0.0,0.0,0.0,0.0,0.22414894297012658,0.0,0.0,0.0,0.0,0.0,0.0,0.0,0.0,0.0,0.0,0.0,0.0,0.27211854843364297,0.0,0.0,0.0,0.0,0.29157892367806815,0.0,0.0,0.1620383008586062,0.0,0.0,0.0,0.0,0.0,0.0,0.0,0.0,0.0,0.0,0.0,0.0,0.0,0.0,0.0,0.0,0.3273989923458058,0.0,0.0,0.0,0.0,0.0,0.0,0.0,0.0,0.0,0.0,0.0,0.0,0.0,0.0,0.0,0.2781354248363848,0.0,0.0,0.0,0.0,0.0,0.0,0.0,0.24277476527067032,0.0,0.0,0.0,0.0,0.0,0.0,0.0,0.0,0.0
2025-11-21 01:17:06,China US,0.0,0.0,0.13498588193781477,0.0,0.0,0.0,0.14352914550448506,0.0,0.0,0.0,0.0,0.0,0.0,0.0,0.0,0.0,0.0,0.0,0.0,0.0,0.13498588193781477,0.0,0.0,0.0,0.0,0.12494101598215389,0.0,0.0,0.0,0.0,0.13498588193781477,0.0,0.0,0.0,0.0,0.0,0.0,0.0,0.32534424422766967,0.0,0.0,0.0,0.0,0.0,0.0,0.0,0.11248190918279682,0.0,0.0,0.0,0.0,0.0,0.0,0.0,0.0,0.0,0.0,0.0,0.0,0.0,0.0,0.0,0.0,0.0,0.0,0.0,0.0,0.0,0.0,0.0,0.14864152215573534,0.0,0.0,0.0,0.0,0.0,0.0,0.0,0.0,0.0,0.0,0.0,0.0,0.0929244632483791,0.13498588193781477,0.07113613662342214,0.0,0.0,0.0,0.0,0.0,0.0,0.0,0.0,0.0,0.0,0.0,0.0,0.0,0.0,0.0,0.0,0.5030579044747957,0.09990481784255291,0.14864152215573534,0.11248190918279682,0.30929148666507994,0.0,0.0,0.0,0.0,0.0,0.0,0.0,0.0,0.3840165820309228,0.0,0.0,0.0,0.0,0.0,0.0,0.0,0.0,0.0,0.0,0.0,0.0,0.0,0.0,0.0,0.0,0.0,0.0,0.12664430271660101,0.13901970971138836
2025-12-02 14:58:51,China US,0.0,0.0,0.0,0.0,0.0,0.0,0.0,0.0,0.0,0.0,0.0,0.0,0.0,0.0,0.0,0.0,0.8451330870751329,0.0,0.0,0.0,0.0,0.0,0.0,0.0,0.0,0.0,0.0,0.0,0.0,0.0,0.0,0.0,0.0,0.0,0.0,0.0,0.0,0.0,0.0,0.0,0.0,0.0,0.0,0.0,0.0,0.0,0.0,0.0,0.0,0.0,0.0,0.0,0.0,0.0,0.0,0.0,0.0,0.0,0.0,0.0,0.0,0.0,0.0,0.0,0.0,0.0,0.0,0.0,0.0,0.0,0.0,0.0,0.0,0.0,0.0,0.0,0.0,0.0,0.0,0.0,0.0,0.0,0.0,0.0,0.0,0.0,0.0,0.0,0.0,0.0,0.0,0.0,0.0,0.0,0.0,0.0,0.0,0.0,0.0,0.0,0.0,0.0,0.0,0.0,0.0,0.0,0.0,0.0,0.0,0.0,0.5345559513566898,0.0,0.0,0.0,0.0,0.0,0.0,0.0,0.0,0.0,0.0,0.0,0.0,0.0,0.0,0.0,0.0,0.0,0.0,0.0,0.0,0.0,0.0,0.0,0.0,0.0
2025-12-05 14:24:32,China US,0.0,0.0,0.0,0.0,0.0,0.0,0.0,0.0,0.0,0.0,0.24023878545893967,0.0,0.0,0.0,0.0,0.0,0.0,0.0,0.0,0.0,0.0,0.0,0.0,0.0,0.0,0.0,0.0,0.0,0.0,0.0,0.0,0.0,0.0,0.0,0.0,0.0,0.0,0.0,0.0,0.0,0.2621072846803526,0.0,0.0,0.0,0.0,0.0,0.2621072846803526,0.0,0.0,0.0,0.0,0.0,0.0,0.0,0.0,0.0,0.0,0.0,0.0,0.0,0.3344540902087168,0.0,0.0,0.0,0.0,0.0,0.0,0.0,0.0,0.0,0.0,0.0,0.0,0.32394612515232585,0.0,0.0,0.0,0.0,0.0,0.0,0.0,0.0,0.0,0.0,0.0,0.1657626523987504,0.0,0.0,0.0,0.0,0.0,0.0,0.0,0.0,0.0,0.0,0.0,0.0,0.0,0.0,0.0,0.0,0.6698481170976377,0.23279992953037185,0.0,0.0,0.24023878545893967,0.0,0.0,0.0,0.0,0.0,0.0,0.0,0.0,0.0,0.0,0.0,0.0,0.0,0.0,0.0,0.0,0.0,0.0,0.0,0.0,0.0,0.0,0.0,0.0,0.0,0.0,0.0,0.0,0.0
2025-11-18 10:10:00,China US,0.0,0.0,0.0,0.0,0.0,0.0,0.0,0.0,0.0,0.0,0.0,0.0,0.0,0.0,0.0,0.0,0.0,0.0,0.0,0.0,0.0,0.0,0.0,0.0,0.0,0.0,0.0,0.0,0.0,0.0,0.0,0.0,0.0,0.0,0.0,0.0,0.0,0.0,0.0,0.0,0.0,0.0,0.0,0.0,0.0,0.0,0.0,0.0,0.0,0.0,0.0,0.0,0.0,0.0,0.0,0.0,0.0,0.0,0.0,0.0,0.0,0.0,0.0,0.0,0.0,0.0,0.0,0.0,1.0,0.0,0.0,0.0,0.0,0.0,0.0,0.0,0.0,0.0,0.0,0.0,0.0,0.0,0.0,0.0,0.0,0.0,0.0,0.0,0.0,0.0,0.0,0.0,0.0,0.0,0.0,0.0,0.0,0.0,0.0,0.0,0.0,0.0,0.0,0.0,0.0,0.0,0.0,0.0,0.0,0.0,0.0,0.0,0.0,0.0,0.0,0.0,0.0,0.0,0.0,0.0,0.0,0.0,0.0,0.0,0.0,0.0,0.0,0.0,0.0,0.0,0.0,0.0,0.0,0.0,0.0,0.0
2025-11-19 07:49:02,China US,0.0,0.0,0.48009639571848206,0.0,0.0,0.0,0.0,0.0,0.0,0.0,0.0,0.5496552204472678,0.0,0.0,0.0,0.0,0.0,0.0,0.0,0.0,0.0,0.0,0.0,0.0,0.0,0.0,0.0,0.0,0.0,0.0,0.0,0.0,0.0,0.0,0.0,0.0,0.0,0.0,0.0,0.0,0.0,0.0,0.0,0.0,0.0,0.0,0.0,0.0,0.0,0.0,0.0,0.0,0.0,0.0,0.0,0.0,0.0,0.0,0.0,0.0,0.0,0.0,0.0,0.0,0.0,0.0,0.0,0.0,0.0,0.0,0.0,0.0,0.0,0.0,0.0,0.0,0.0,0.0,0.0,0.0,0.0,0.0,0.0,0.0,0.0,0.25300573888146094,0.0,0.0,0.0,0.0,0.0,0.0,0.0,0.0,0.0,0.0,0.0,0.0,0.0,0.0,0.0,0.0,0.0,0.0,0.0,0.0,0.3666796503521803,0.0,0.0,0.0,0.0,0.0,0.0,0.0,0.0,0.0,0.0,0.0,0.0,0.0,0.0,0.0,0.4671180645944444,0.0,0.0,0.0,0.0,0.0,0.0,0.0,0.0,0.0,0.0,0.0,0.22521419425377573,0.0
2025-11-12 02:55:23,China US,0.0,0.0,0.0,0.0,0.0,0.0,0.44765642054179317,0.0,0.0,0.0,0.0,0.0,0.0,0.0,0.0,0.0,0.0,0.0,0.0,0.0,0.0,0.23180076603340763,0.0,0.0,0.0,0.0,0.0,0.0,0.0,0.0,0.0,0.0,0.0,0.0,0.0,0.0,0.0,0.0,0.0,0.0,0.0,0.0,0.0,0.0,0.0,0.0,0.0,0.0,0.0,0.0,0.0,0.0,0.0,0.0,0.0,0.0,0.0,0.0,0.0,0.0,0.0,0.0,0.0,0.0,0.0,0.0,0.0,0.0,0.0,0.0,0.0,0.0,0.0,0.0,0.0,0.0,0.0,0.0,0.0,0.0,0.0,0.0,0.0,0.0,0.0,0.0,0.0,0.0,0.0,0.0,0.0,0.0,0.0,0.0,0.0,0.0,0.0,0.0,0.0,0.0,0.0,0.0,0.3362140939352756,0.0,0.0,0.0,0.0,0.0,0.0,0.12482290861230201,0.0,0.0,0.0,0.0,0.0,0.0,0.0,0.0,0.0,0.0,0.0,0.0,0.0,0.0,0.0,0.0,0.16620759306759325,0.0,0.0,0.0,0.0,0.0,0.0,0.0,0.6912393041461973,0.0
2025-11-28 00:00:09,China US,0.1807078864576213,0.0,0.0,0.0,0.0,0.0,0.0,0.0,0.0,0.0,0.13401315772805508,0.0,0.0,0.0,0.0,0.0,0.0,0.0,0.0,0.20088660955987134,0.0,0.0,0.0,0.0,0.17072113712335676,0.0,0.0,0.0,0.35092884997733886,0.0,0.0,0.0,0.0,0.0,0.0,0.0,0.0,0.0,0.1409686700003185,0.0,0.0,0.0,0.26379019916633895,0.0,0.0,0.0,0.0,0.0,0.35092884997733886,0.0,0.0,0.0,0.0,0.0,0.0,0.0,0.0,0.0,0.16240738077266578,0.0,0.0,0.0,0.0,0.17546442498866943,0.0,0.0,0.0,0.0,0.0,0.0,0.0,0.0,0.0,0.0,0.0,0.0,0.0,0.0,0.0,0.4017732191197427,0.0,0.0,0.0,0.12078994689806845,0.0,0.27740370613634246,0.0,0.0,0.0,0.17546442498866943,0.17072113712335676,0.0,0.17072113712335676,0.0,0.0,0.0,0.0,0.0,0.0,0.0,0.0,0.0,0.09341587079596393,0.0,0.0,0.0,0.0,0.0,0.0,0.31213434600969364,0.1052440413501695,0.0,0.0,0.0,0.0,0.16639085457152042,0.0,0.0,0.0,0.0,0.0,0.0,0.0,0.0,0.0,0.0,0.0,0.0,0.0,0.0,0.0,0.0,0.0,0.0,0.0,0.0
2025-11-11 15:44:10,China US,0.0,0.0,0.0,0.0,0.0,0.0,0.0,0.0,0.0,0.0,0.0,0.0,0.11562984123019751,0.0,0.0,0.0,0.0,0.10401501755601979,0.0,0.0,0.0,0.0,0.0,0.0,0.0,0.2804438737031707,0.10738899268631222,0.0,0.20199378791288652,0.0,0.0,0.19154833802426896,0.18271683598059324,0.20038851950338546,0.06201079534214949,0.0,0.0,0.3120450526680593,0.0,0.12115642569115631,0.08415934533795676,0.0,0.0,0.0,0.0,0.0,0.0,0.0,0.0,0.3029906818693298,0.0,0.0,0.0,0.09348129123439024,0.0,0.0875333204682492,0.0,0.0875333204682492,0.0,0.0,0.0,0.10099689395644326,0.0,0.0,0.0,0.0,0.0,0.0,0.0,0.0,0.0,0.22775549038221438,0.09577416901213448,0.0,0.08579668696112197,0.0,0.0,0.08938207028226552,0.0,0.0,0.0,0.09826666906003591,0.09577416901213448,0.0,0.0,0.0,0.0,0.0,0.0,0.10099689395644326,0.0,0.0,0.0,0.0,0.0,0.0,0.0,0.0,0.0,0.0,0.0,0.0,0.0,0.0,0.0,0.0,0.15427529176586646,0.07474912300851129,0.0,0.3593275325883351,0.0,0.0,0.0,0.0,0.0,0.0,0.0,0.0,0.0,0.08579668696112197,0.0,0.0,0.0,0.0,0.0,0.0,0.23923078294835665,0.0,0.0,0.0,0.0,0.0,0.0,0.0,0.37902278454716193,0.0
2025-11-10 07:02:17,China US,0.16766096279978976,0.0,0.0,0.0,0.0,0.0,0.0,0.0,0.0,0.0,0.0,0.0,0.0,0.0,0.0,0.1583952465023684,0.0,0.0,0.0,0.0,0.0,0.0,0.18638280283518305,0.0,0.0,0.0,0.0,0.0,0.0,0.0,0.0,0.0,0.0,0.21533641906318898,0.09995469784395375,0.0,0.0,0.0,0.0,0.09764552974199273,0.0,0.0,0.0,0.0,0.0,0.0,0.0,0.0,0.0,0.0,0.11525469572261272,0.0,0.0,0.0,0.0,0.14109424899981518,0.0,0.0,0.0,0.0,0.0,0.0,0.0,0.0,0.0,0.0,0.0,0.0,0.35853017918674784,0.12853805262259999,0.0,0.0,0.0,0.0,0.0,0.0,0.0,0.0,0.17926508959337392,0.0,0.0,0.0,0.0,0.0,0.0,0.08579181456284764,0.0,0.0,0.0,0.0,0.0,0.0,0.0,0.0,0.0,0.0,0.0,0.0,0.0,0.0,0.0,0.0,0.08667134094396646,0.0,0.0,0.0,0.0,0.0,0.0,0.0965328556872194,0.0,0.0,0.0,0.0,0.0,0.0,0.0,0.0,0.0,0.0,0.3167904930047368,0.0,0.0,0.0,0.0,0.0,0.25707610524519997,0.17309944593519577,0.0,0.0,0.0,0.0,0.0,0.0,0.5345757820764517,0.0
2025-11-12 07:02:44,China US,0.0,0.0,0.0,0.0,0.0,0.0,0.0,0.0,0.0,0.0,0.0,0.0,0.0,0.0,0.0,0.0,0.0,0.0,0.0,0.0,0.0,0.0,0.0,0.0,0.0,0.0,0.0,0.0,0.0,0.0,0.0,0.0,0.0,0.0,0.0,0.0,0.0,0.0,0.0,0.0,0.0,0.0,0.24296411745304886,0.0,0.0,0.0,0.0,0.0,0.0,0.0,0.0,0.0,0.0,0.0,0.0,0.0,0.20328105110311498,0.0,0.0,0.0,0.0,0.0,0.28013536691843266,0.0,0.0,0.0,0.0,0.0,0.0,0.0,0.0,0.0,0.0,0.0,0.0,0.0,0.0,0.0,0.0,0.0,0.0,0.0,0.0,0.0,0.0,0.0,0.0,0.0,0.0,0.0,0.0,0.0,0.0,0.0,0.0,0.0,0.0,0.0,0.0,0.0,0.0,0.2745775694749049,0.0,0.23922173737732078,0.0,0.0,0.0,0.0,0.0,0.19166101481328793,0.0,0.0,0.0,0.0,0.0,0.0,0.0,0.0,0.29237693495338707,0.0,0.0,0.0,0.3144856066892895,0.0,0.0,0.0,0.5104113709760065,0.0,0.0,0.0,0.0,0.0,0.0,0.0,0.45487401076918577,0.0
2025-11-28 11:49:29,China US,0.0,0.0,0.0,0.0,0.0,0.0,0.0,0.0,0.0,0.0,0.0,0.0,0.0,0.0,0.0,0.0,0.0,0.0,0.0,0.0,0.0,0.0,0.0,0.0,0.0,0.0,0.0,0.0,0.0,0.0,0.0,0.0,0.0,0.0,0.0,0.0,0.0,0.0,0.0,0.0,0.0,0.0,0.0,0.0,0.0,0.0,0.0,0.0,0.0,0.0,0.0,0.0,0.0,0.0,0.0,0.0,0.0,0.0,0.0,0.0,0.0,0.0,0.0,0.0,0.0,0.0,0.0,0.0,0.0,0.0,0.0,0.0,0.0,0.0,0.6576938638123394,0.0,0.0,0.0,0.0,0.0,0.0,0.0,0.0,0.0,0.0,0.0,0.0,0.0,0.0,0.0,0.0,0.0,0.0,0.0,0.0,0.0,0.0,0.7532853254269565,0.0,0.0,0.0,0.0,0.0,0.0,0.0,0.0,0.0,0.0,0.0,0.0,0.0,0.0,0.0,0.0,0.0,0.0,0.0,0.0,0.0,0.0,0.0,0.0,0.0,0.0,0.0,0.0,0.0,0.0,0.0,0.0,0.0,0.0,0.0,0.0,0.0,0.0
2025-11-27 00:02:47,China US,0.0,0.0,0.0,0.0,0.0,0.0,0.0,0.0,0.0,0.0,0.1105760738642714,0.0,0.0,0.0,0.1539410887067094,0.1408643254795327,0.0,0.0,0.0,0.0,0.0,0.0,0.0,0.0,0.0,0.0,0.0,0.0,0.0,0.0,0.0,0.13729135062077535,0.0,0.0,0.0,0.0,0.0,0.0,0.0,0.08683828578777322,0.12064161253484135,0.0,0.1088284353648268,0.0,0.0,0.0,0.12064161253484135,0.0,0.0,0.0,0.0,0.1088284353648268,0.0,0.0,0.0,0.12547817345076082,0.09105360479884225,0.0,0.0,0.0,0.0,0.0,0.12547817345076082,0.0,0.0,0.0,0.0,0.0,0.0,0.0,0.0,0.0,0.13729135062077535,0.0,0.0,0.0,0.0,0.0,0.0,0.0,0.0,0.1408643254795327,0.0,0.09966542328153884,0.14477807662342143,0.15259303996701673,0.0,0.0,0.0,0.0,0.0,0.0,0.0,0.0,0.0,0.0,0.0,0.0,0.0,0.0,0.0,0.12298872601220792,0.3083148074218474,0.0,0.0,0.0,0.1105760738642714,0.0,0.0,0.2575462819104848,0.0,0.0,0.0,0.0,0.0,0.0,0.0,0.0,0.0,0.0,0.0,0.0,0.0,0.0,0.0,0.0,0.0,0.0,0.0,0.1539410887067094,0.6630170635068957,0.0,0.0,0.0,0.0,0.0
2025-12-05 10:54:00,China US,0.4223707163442016,0.0,0.0,0.0,0.0,0.0,0.0,0.0,0.0,0.0,0.0,0.0,0.0,0.0,0.0,0.0,0.0,0.0,0.0,0.0,0.0,0.0,0.0,0.0,0.0,0.0,0.0,0.0,0.0,0.0,0.0,0.0,0.0,0.0,0.0,0.0,0.0,0.0,0.0,0.0,0.0,0.0,0.30828000252383897,0.0,0.0,0.0,0.0,0.0,0.0,0.0,0.0,0.0,0.0,0.0,0.0,0.0,0.0,0.0,0.0,0.0,0.0,0.41011511079107155,0.0,0.0,0.0,0.4223707163442016,0.0,0.0,0.0,0.0,0.0,0.0,0.0,0.0,0.0,0.0,0.0,0.0,0.0,0.0,0.0,0.0,0.0,0.0,0.0,0.0,0.0,0.0,0.0,0.0,0.0,0.0,0.0,0.0,0.41011511079107155,0.0,0.0,0.0,0.0,0.0,0.0,0.0,0.0,0.0,0.0,0.0,0.0,0.3035315608556426,0.0,0.24318512029571512,0.24598816359049458,0.0,0.0,0.0,0.0,0.0,0.0,0.0,0.0,0.0,0.0,0.0,0.0,0.0,0.0,0.0,0.0,0.0,0.0,0.0,0.0,0.0,0.0,0.0,0.0,0.0
2025-11-27 07:40:11,China US,0.0,0.0,0.0,0.0,0.0,0.0,0.0,0.0,0.17576118742543131,0.0,0.0,0.0,0.0,0.0,0.0,0.0,0.15675146259568448,0.0,0.0,0.0,0.0,0.0,0.0,0.0,0.0,0.0,0.0,0.0,0.0,0.0,0.0,0.0,0.0,0.0,0.0,0.0,0.17023907700787397,0.0,0.0,0.0,0.0,0.0,0.0,0.11225500698144877,0.0,0.1404215385603191,0.0,0.0,0.16529938091436644,0.0,0.0,0.0,0.0,0.0,0.0,0.0,0.0,0.0,0.0,0.0,0.0,0.0,0.14326384818349502,0.0,0.0,0.0,0.0,0.0,0.0,0.0,0.0,0.0,0.0,0.0,0.0,0.0,0.0,0.1462896560846196,0.0,0.0,0.0,0.0,0.0,0.0,0.16529938091436644,0.0,0.0,0.0,0.0,0.0,0.0,0.0,0.0,0.0,0.0,0.0,0.0,0.0,0.0,0.0,0.0,0.0,0.0,0.0,0.0,0.0,0.0,0.0,0.0,0.19603447312599037,0.0,0.0,0.0,0.18924880183762077,0.0,0.7837573129784224,0.0,0.0,0.0,0.0,0.16083088225610315,0.0,0.0,0.0,0.0,0.0,0.0,0.0,0.0,0.0,0.0,0.18202163987661463,0.0,0.0,0.07754227529153652,0.0
2025-11-27 00:03:12,China US,0.0,0.0,0.0,0.0,0.0,0.0,0.0,0.0,0.0,0.0,0.0,0.0,0.25005761287545597,0.0,0.0,0.0,0.0,0.0,0.0,0.0,0.0,0.0,0.0,0.0,0.0,0.0,0.0,0.0,0.4368256834376461,0.0,0.21841284171882305,0.0,0.0,0.14445139277067837,0.0,0.0,0.0,0.0,0.0,0.0,0.0,0.2405082426797909,0.0,0.0,0.0,0.0,0.0,0.0,0.0,0.0,0.0,0.0,0.0,0.0,0.0,0.0,0.0,0.0,0.0,0.0,0.0,0.0,0.0,0.0,0.0,0.0,0.0,0.0,0.0,0.0,0.0,0.0,0.20711833401748508,0.0,0.0,0.0,0.0,0.0,0.0,0.0,0.0,0.0,0.0,0.15035569492093045,0.0,0.3453037945696648,0.0,0.0,0.0,0.0,0.0,0.0,0.0,0.0,0.0,0.0,0.20215982557694792,0.0,0.0,0.41423666803497017,0.0,0.0,0.23256253572201235,0.0,0.0,0.0,0.0,0.32330040524453685,0.0,0.0,0.0,0.0,0.0,0.0,0.0,0.0,0.0,0.0,0.0,0.0,0.0,0.0,0.0,0.0,0.0,0.0,0.0,0.0,0.0,0.0,0.0,0.0,0.0,0.0,0.10245790762242242,0.0
2025-11-15 07:26:26,China US,0.0,0.0,0.0,0.0,0.0,0.0,0.0,0.0,0.0,0.0,0.0,0.0,0.0,0.46216535175857115,0.0,0.0,0.0,0.0,0.0,0.0,0.0,0.0,0.0,0.0,0.0,0.0,0.0,0.34329944368904014,0.0,0.0,0.0,0.0,0.0,0.0,0.0,0.0,0.0,0.0,0.0,0.0,0.34973566181242915,0.0,0.0,0.0,0.0,0.0,0.0,0.0,0.0,0.0,0.0,0.0,0.0,0.0,0.0,0.0,0.0,0.0,0.0,0.0,0.0,0.0,0.0,0.0,0.0,0.0,0.0,0.0,0.0,0.0,0.0,0.0,0.0,0.0,0.0,0.0,0.0,0.0,0.0,0.0,0.0,0.0,0.0,0.0,0.0,0.0,0.0,0.0,0.0,0.0,0.0,0.0,0.0,0.0,0.0,0.0,0.0,0.0,0.0,0.0,0.0,0.0,0.0,0.0,0.0,0.0,0.0,0.0,0.0,0.0,0.0,0.0,0.0,0.0,0.0,0.0,0.0,0.0,0.0,0.0,0.4083605736214605,0.0,0.0,0.0,0.0,0.0,0.3313854049298478,0.0,0.0,0.0,0.0,0.0,0.0,0.0,0.19688512289289167,0.0
2025-11-24 00:06:53,China US,0.0,0.0,0.0,0.0,0.0,0.0,0.0,0.0,0.0,0.0,0.28463786221644655,0.0,0.0,0.0,0.0,0.0,0.0,0.0,0.0,0.0,0.0,0.0,0.0,0.0,0.0,0.0,0.0,0.0,0.0,0.0,0.0,0.0,0.16855625093679455,0.0,0.1144098968700588,0.0,0.0,0.19190767294404895,0.0,0.11176678263831516,0.0,0.0,0.0,0.0,0.0,0.0,0.0,0.0,0.0,0.0,0.0,0.0,0.0,0.0,0.0,0.0,0.11719218503297694,0.16149894727538028,0.0,0.0,0.0,0.0,0.0,0.0,0.13583924270241832,0.0,0.0,0.19190767294404895,0.0,0.0,0.0,0.0,0.0,0.0,0.0,0.0,0.0,0.0,0.0,0.0,0.0,0.0,0.0,0.38482854420987994,0.0,0.09819881274369079,0.0,0.0,0.0,0.18633923590234674,0.0,0.0,0.0,0.0,0.0,0.0,0.0,0.0,0.0,0.0,0.0,0.15829485902985405,0.19841106807144893,0.13791210719592545,0.0,0.0,0.0,0.2758242143918509,0.0,0.22098639287548225,0.22353356527663032,0.0,0.0,0.0,0.0,0.0,0.0,0.0,0.0,0.3165897180597081,0.0,0.0,0.0,0.0,0.0,0.0,0.0,0.0,0.0,0.0,0.0,0.0,0.0,0.0,0.0,0.0
2025-11-19 06:23:23,China US,0.0,0.0,0.0,0.5263383543975351,0.0,0.0,0.0,0.0,0.0,0.0,0.0,0.0,0.0,0.0,0.0,0.0,0.0,0.0,0.0,0.0,0.0,0.0,0.0,0.0,0.0,0.0,0.0,0.0,0.0,0.0,0.0,0.0,0.0,0.0,0.0,0.0,0.0,0.0,0.0,0.0,0.0,0.0,0.0,0.0,0.0,0.0,0.0,0.0,0.0,0.0,0.0,0.0,0.0,0.0,0.0,0.0,0.0,0.0,0.0,0.0,0.0,0.0,0.0,0.0,0.3484449414813507,0.0,0.0,0.4922675991009545,0.0,0.0,0.0,0.0,0.0,0.0,0.0,0.0,0.0,0.0,0.0,0.0,0.0,0.0,0.0,0.0,0.0,0.0,0.0,0.0,0.0,0.0,0.0,0.0,0.0,0.0,0.0,0.0,0.0,0.0,0.0,0.0,0.0,0.0,0.0,0.0,0.0,0.0,0.0,0.0,0.0,0.0,0.28669601847885773,0.0,0.0,0.0,0.0,0.0,0.0,0.0,0.0,0.0,0.0,0.0,0.0,0.0,0.0,0.0,0.0,0.0,0.0,0.0,0.0,0.5263383543975351,0.0,0.0,0.0,0.0
2025-11-11 23:12:23,China US,0.0,0.0,0.0,0.0,0.0,0.0,0.0,0.0,0.13471273733848801,0.0,0.0,0.0,0.0,0.0,0.0,0.12326935607712453,0.0,0.0,0.0,0.0,0.0,0.0,0.0,0.0,0.0,0.0,0.0,0.10362974317009115,0.0,0.0,0.0,0.12014267152715473,0.11460338958887814,0.08379159824558323,0.0,0.26942547467697603,0.0,0.0,0.10178655947817325,0.07599155808583673,0.0,0.0,0.0,0.0,0.0,0.0,0.10557260571582146,0.12326935607712453,0.0,0.0,0.0,0.09523497950694669,0.0,0.11726640056030836,0.0,0.0,0.0,0.0,0.0,0.0,0.0,0.0,0.0,0.0,0.09235870854010032,0.0,0.0,0.0,0.0,0.20006664755508974,0.0,0.0,0.3604280145814642,0.0,0.0,0.0,0.0,0.0,0.0,0.0,0.0,0.0,0.12014267152715473,0.0,0.2533885029967626,0.06676653480060195,0.0,0.0,0.0,0.1266942514983813,0.12326935607712453,0.0,0.0,0.0,0.1266942514983813,0.0,0.0,0.0,0.0,0.0,0.0,0.0,0.1349020330397846,0.3750722945522661,0.0,0.10557260571582146,0.0,0.09376807363806652,0.0,0.15025126351467366,0.07599155808583673,0.13048029773602948,0.0,0.0,0.0,0.0,0.0,0.0,0.0,0.10762654780520417,0.0,0.0,0.24653871215424905,0.0,0.0,0.0,0.0,0.0,0.0,0.0,0.0,0.0,0.0,0.0,0.2377301227191423,0.0
2025-12-01 04:08:47,China US,0.0,0.0,0.0,0.0,0.0,0.19428015617611302,0.0,0.0,0.0,0.0,0.14407836715619196,0.0,0.0,0.0,0.0,0.0,0.1788878274552391,0.0,0.0,0.0,0.0,0.0,0.0,0.0,0.0,0.0,0.0,0.0,0.0,0.0,0.0,0.0,0.0,0.0,0.0,0.0,0.0,0.0,0.0,0.0,0.0,0.0,0.0,0.12810760414835784,0.0,0.0,0.0,0.0,0.0,0.0,0.13355345162700966,0.0,0.0,0.0,0.0,0.0,0.0,0.0,0.0,0.0,0.0,0.0,0.0,0.0,0.0,0.0,0.0,0.19428015617611302,0.0,0.0,0.0,0.0,0.0,0.0,0.0,0.0,0.0,0.0,0.0,0.21597442504610534,0.0,0.0,0.0,0.0,0.0,0.0,0.0,0.0,0.0,0.0,0.0,0.0,0.0,0.0,0.37728575723389923,0.0,0.0,0.0,0.0,0.0,0.20772664680874212,0.0,0.1004319751801405,0.0,0.0,0.0,0.0,0.0,0.0,0.11185918275701733,0.0,0.0,0.0,0.4319488500922107,0.0,0.0,0.0,0.0,0.0,0.0,0.0,0.0,0.0,0.0,0.0,0.0,0.0,0.0,0.0,0.0,0.0,0.0,0.0,0.6231799404262265,0.0884927574718587,0.0
2025-11-23 05:22:12,China US,0.0,0.0,0.0,0.0,0.0,0.0,0.0,0.0,0.0,0.0,0.0,0.0,0.0,0.0,0.0,0.0,0.0,0.0,0.0,0.0,0.0,0.0,0.0,0.3142099763329804,0.0,0.0,0.0,0.0,0.0,0.0,0.0,0.0,0.0,0.0,0.0,0.0,0.0,0.0,0.0,0.37692800399806825,0.0,0.0,0.0,0.0,0.0,0.0,0.0,0.0,0.0,0.0,0.22245115841409813,0.236188937564637,0.0,0.0,0.0,0.0,0.0,0.27232364754244126,0.0,0.0,0.0,0.0,0.0,0.0,0.0,0.0,0.0,0.0,0.0,0.0,0.0,0.0,0.0,0.0,0.0,0.0,0.0,0.0,0.0,0.0,0.0,0.0,0.0,0.0,0.0,0.16558534480785253,0.0,0.7194686539963396,0.0,0.0,0.0,0.0,0.0,0.0,0.0,0.0,0.0,0.0,0.0,0.0,0.0,0.0,0.0,0.0,0.0,0.0,0.0,0.0,0.0,0.1863164484362939,0.0,0.0,0.0,0.0,0.0,0.0,0.0,0.0,0.0,0.0,0.0,0.0,0.0,0.0,0.0,0.0,0.0,0.0,0.0,0.0,0.0,0.0,0.0,0.0,0.0,0.0
2025-11-28 06:34:36,China US,0.0,0.0,0.0,0.0,0.0,0.0,0.0,0.0,0.0,0.0,0.0,0.0,0.0,0.0,0.0,0.0,0.0,0.2974305983301752,0.0,0.0,0.0,0.0,0.0,0.0,0.0,0.0,0.0,0.0,0.0,0.0,0.0,0.0,0.0,0.0,0.17731966397652296,0.0,0.0,0.0,0.0,0.0,0.0,0.0,0.0,0.0,0.0,0.0,0.2406533693604673,0.0,0.0,0.0,0.20446186480555015,0.0,0.0,0.2673094427883688,0.0,0.0,0.0,0.0,0.0,0.0,0.0,0.0,0.0,0.0,0.0,0.0,0.0,0.0,0.0,0.22802654393312002,0.0,0.0,0.0,0.0,0.0,0.0,0.0,0.0,0.0,0.0,0.0,0.0,0.0,0.19881050507769576,0.0,0.0,0.0,0.0,0.0,0.0,0.0,0.0,0.0,0.0,0.0,0.0,0.0,0.0,0.0,0.0,0.0,0.0,0.0,0.0,0.0,0.0,0.0,0.21374486976463217,0.0,0.0,0.17322319907054853,0.0,0.0,0.0,0.0,0.0,0.0,0.0,0.0,0.7360060269330709,0.0,0.0,0.0,0.0,0.0,0.0,0.0,0.0,0.0,0.0,0.0,0.0,0.0,0.0,0.0,0.0
2025-12-01 14:05:41,China US,0.0,0.0,0.0,0.0,0.0,0.0,0.0,0.0,0.0,0.0,0.0,0.0,0.0,0.0,0.0,0.0,0.0,0.0,0.0,0.0,0.0,0.0,0.0,0.0,0.0,0.0,0.0,0.0,0.0,0.0,0.0,0.0,0.0,0.0,0.23365482785700908,0.0,0.0,0.0,0.0,0.0,0.0,0.0,0.0,0.0,0.0,0.0,0.0,0.0,0.0,0.0,0.2694202140535811,0.0,0.0,0.0,0.0,0.0,0.0,0.0,0.0,0.0,0.0,0.0,0.3298229415203018,0.0,0.0,0.0,0.0,0.0,0.0,0.0,0.0,0.0,0.0,0.0,0.0,0.0,0.3442357949294366,0.0,0.0,0.0,0.0,0.0,0.0,0.26197339481899984,0.0,0.0,0.0,0.0,0.0,0.0,0.0,0.0,0.0,0.0,0.0,0.0,0.0,0.0,0.0,0.0,0.0,0.0,0.6078106687895997,0.0,0.0,0.0,0.0,0.0,0.0,0.0,0.0,0.0,0.0,0.0,0.0,0.0,0.0,0.0,0.0,0.0,0.0,0.0,0.0,0.0,0.0,0.0,0.0,0.0,0.0,0.0,0.0,0.0,0.0,0.0,0.1785183188439443,0.0
2025-11-30 06:14:24,China US,0.0,0.0,0.0,0.0,0.0,0.0,0.0,0.0,0.0,0.0,0.0,0.0,0.0,0.0,0.0,0.0,0.0,0.0,0.0,0.0,0.0,0.0,0.0,0.0,0.0,0.0,0.0,0.0,0.0,0.0,0.0,0.0,0.0,0.0,0.0,0.0,0.0,0.0,0.21595205188593838,0.0,0.0,0.0,0.0,0.0,0.0,0.0,0.0,0.0,0.0,0.0,0.0,0.0,0.0,0.24879433933227027,0.0,0.0,0.33810231713129124,0.0,0.0,0.0,0.0,0.0,0.0,0.0,0.0,0.0,0.0,0.0,0.0,0.0,0.0,0.0,0.0,0.0,0.0,0.30774125577524114,0.0,0.0,0.0,0.0,0.0,0.0,0.0,0.0,0.0,0.0,0.0,0.0,0.0,0.0,0.0,0.0,0.26153030926663523,0.0,0.0,0.0,0.0,0.26153030926663523,0.0,0.0,0.0,0.0,0.0,0.0,0.0,0.0,0.20529679673520368,0.0,0.0,0.0,0.6448997973318837,0.0,0.0,0.0,0.0,0.0,0.0,0.0,0.0,0.0,0.0,0.0,0.0,0.0,0.0,0.0,0.0,0.0,0.0,0.0,0.0,0.0,0.0,0.0,0.0,0.0
2025-12-07 06:57:29,China US,0.0,0.0,0.0,0.0,0.0,0.5754675959412076,0.0,0.0,0.0,0.0,0.0,0.0,0.0,0.0,0.0,0.0,0.0,0.0,0.0,0.0,0.0,0.0,0.0,0.0,0.0,0.0,0.0,0.45704646758810985,0.0,0.0,0.0,0.0,0.0,0.0,0.0,0.0,0.0,0.0,0.0,0.0,0.0,0.0,0.0,0.0,0.0,0.0,0.0,0.0,0.0,0.0,0.0,0.0,0.0,0.0,0.0,0.0,0.0,0.0,0.0,0.0,0.0,0.0,0.0,0.0,0.40733693047919883,0.0,0.0,0.0,0.0,0.0,0.0,0.0,0.0,0.0,0.0,0.0,0.0,0.0,0.0,0.0,0.0,0.0,0.0,0.0,0.0,0.0,0.0,0.0,0.0,0.0,0.0,0.0,0.0,0.0,0.0,0.0,0.0,0.0,0.0,0.0,0.0,0.0,0.0,0.0,0.0,0.0,0.0,0.0,0.0,0.0,0.0,0.0,0.0,0.0,0.0,0.0,0.0,0.0,0.0,0.4746738917641972,0.0,0.0,0.0,0.0,0.0,0.0,0.0,0.0,0.0,0.0,0.0,0.0,0.0,0.0,0.2621199992982099,0.0
2025-11-11 06:39:32,China US,0.0,0.0,0.0,0.0,0.0,0.0,0.0,0.0,0.0,0.0,0.0,0.0,0.0,0.0,0.0,0.0,0.0,0.0,0.0,0.0,0.0,0.0,0.0,0.0,0.0,0.0,0.0,0.0,0.0,0.0,0.0,0.0,0.0,0.0,0.0,0.0,0.0,0.0,0.0,0.4239583056902058,0.0,0.0,0.0,0.0,0.0,0.0,0.0,0.0,0.0,0.0,0.0,0.0,0.0,0.0,0.0,0.0,0.0,0.0,0.0,0.0,0.0,0.0,0.0,0.0,0.0,0.0,0.0,0.0,0.0,0.0,0.0,0.5313177091144785,0.0,0.0,0.0,0.0,0.0,0.0,0.0,0.0,0.0,0.0,0.0,0.0,0.0,0.0,0.0,0.0,0.0,0.0,0.0,0.0,0.0,0.0,0.0,0.0,0.0,0.0,0.0,0.0,0.0,0.0,0.0,0.0,0.0,0.0,0.0,0.0,0.0,0.0,0.0,0.0,0.0,0.0,0.6542314139654861,0.0,0.0,0.0,0.0,0.0,0.0,0.0,0.0,0.0,0.0,0.0,0.0,0.0,0.0,0.0,0.0,0.0,0.0,0.0,0.33157518604134606,0.0
2025-11-14 14:43:29,China US,0.0,0.0,0.0,0.0,0.0,0.0,0.0,0.0,0.0,0.397269573563331,0.0,0.0,0.0,0.0,0.0,0.0,0.0,0.0,0.0,0.0,0.0,0.0,0.0,0.0,0.33761490371029157,0.0,0.36895648109517043,0.0,0.0,0.0,0.0,0.0,0.0,0.0,0.0,0.0,0.0,0.0,0.0,0.0,0.0,0.0,0.0,0.0,0.0,0.0,0.0,0.6752298074205831,0.0,0.0,0.0,0.0,0.0,0.0,0.0,0.0,0.0,0.0,0.0,0.0,0.0,0.0,0.0,0.0,0.0,0.0,0.0,0.0,0.0,0.0,0.0,0.0,0.0,0.0,0.0,0.0,0.0,0.0,0.0,0.0,0.0,0.0,0.0,0.0,0.0,0.0,0.0,0.0,0.36895648109517043,0.0,0.0,0.0,0.0,0.0,0.0,0.0,0.0,0.0,0.0,0.0,0.0,0.0,0.0,0.0,0.0,0.0,0.0,0.0,0.0,0.0,0.0,0.0,0.0,0.0,0.0,0.0,0.0,0.0,0.0,0.0,0.0,0.0,0.0,0.0,0.0,0.0,0.0,0.0,0.0,0.0,0.0,0.0,0.0,0.0,0.0,0.0
2025-11-26 06:13:34,China US,0.0,0.0,0.0,0.0,0.0,0.0,0.0,0.0,0.0,0.0,0.0,0.0,0.0,0.0,0.0,0.0,0.0,0.0,0.0,0.0,0.0,0.0,0.0,0.0,0.0,0.0,0.0,0.0,0.0,0.0,0.0,0.0,0.0,0.0,0.0,0.0,0.0,0.0,0.0,0.6619912788862772,0.0,0.0,0.0,0.7495115387227278,0.0,0.0,0.0,0.0,0.0,0.0,0.0,0.0,0.0,0.0,0.0,0.0,0.0,0.0,0.0,0.0,0.0,0.0,0.0,0.0,0.0,0.0,0.0,0.0,0.0,0.0,0.0,0.0,0.0,0.0,0.0,0.0,0.0,0.0,0.0,0.0,0.0,0.0,0.0,0.0,0.0,0.0,0.0,0.0,0.0,0.0,0.0,0.0,0.0,0.0,0.0,0.0,0.0,0.0,0.0,0.0,0.0,0.0,0.0,0.0,0.0,0.0,0.0,0.0,0.0,0.0,0.0,0.0,0.0,0.0,0.0,0.0,0.0,0.0,0.0,0.0,0.0,0.0,0.0,0.0,0.0,0.0,0.0,0.0,0.0,0.0,0.0,0.0,0.0,0.0,0.0,0.0
2025-11-22 21:34:13,China US,0.0,0.0,0.21814221971836226,0.0,0.0,0.0,0.0,0.0,0.0,0.0,0.08330442965903972,0.0,0.0,0.0,0.231948452276305,0.0,0.0,0.0,0.0,0.0,0.0,0.0,0.0,0.0,0.0,0.0,0.0,0.0,0.0,0.09866208409813108,0.0,0.0,0.09866208409813108,0.0,0.0,0.0,0.0,0.0,0.0,0.19626344879088395,0.0,0.0,0.0,0.0,0.0,0.0,0.0,0.21224523322797087,0.0,0.0,0.07721904638690967,0.0,0.0,0.0,0.10095467084761577,0.0,0.06859683429778587,0.0,0.10095467084761577,0.0,0.0,0.0,0.0,0.0,0.0,0.0,0.0,0.11233051792414565,0.0,0.0,0.0,0.08198781546431695,0.0,0.0,0.0,0.0,0.0,0.09652773689656699,0.0,0.0,0.0,0.0,0.0,0.22525409755603673,0.0,0.05747932495774158,0.0,0.0,0.0,0.0,0.0,0.0,0.0,0.0,0.0,0.0,0.0,0.0,0.0,0.10343085317553836,0.0,0.0,0.3484115725510377,0.0,0.6005256090467624,0.09088748021292424,0.0,0.0,0.0,0.0,0.0,0.0,0.0,0.0,0.0,0.0,0.0,0.0,0.0,0.0,0.0,0.0,0.0,0.0,0.0,0.10612261661398543,0.0,0.0,0.0,0.0,0.12487389088675978,0.0,0.0,0.0,0.10233095829240316,0.11233051792414565
2025-11-21 08:03:37,China US,0.0,0.0,0.0,0.0,0.0,0.0,0.0,0.0,0.0,0.0,0.0,0.0,0.0,0.0,0.0,0.0,0.0,0.0,0.0,0.0,0.0,0.0,0.0,0.0,0.0,0.0,0.0,0.0,0.0,0.0,0.0,0.13948218633726758,0.0,0.0972796357149949,0.0,0.0,0.0,0.0,0.0,0.2646720402565446,0.2451335179314174,0.0,0.11056507224755222,0.0,0.0,0.12495132666006437,0.1225667589657087,0.0,0.0,0.0,0.0,0.22113014449510443,0.0,0.27228583693274483,0.27228583693274483,0.2549609992382222,0.1850131973180571,0.0,0.0,0.0,0.15639761370882646,0.0,0.0,0.1470883822602839,0.0,0.0,0.0,0.0,0.0,0.0,0.0,0.11056507224755222,0.0,0.15148387305542407,0.12495132666006437,0.0,0.0,0.0,0.0,0.0,0.0,0.0,0.0,0.0,0.0,0.07751402669655426,0.0,0.0,0.0,0.0,0.14311217717626912,0.1619683534065088,0.0,0.0,0.0,0.0,0.0,0.0,0.0,0.0,0.0,0.0,0.0,0.21772407344405195,0.0,0.0,0.0,0.10886203672202598,0.0,0.0,0.0882240134188482,0.0,0.0,0.0,0.0,0.0,0.0,0.0,0.0,0.0,0.0,0.0,0.0,0.15639761370882646,0.0,0.0,0.11613581194523459,0.0,0.0,0.0,0.0,0.0,0.0,0.0,0.0,0.0
2025-11-07 19:10:05,China US,0.0,0.0,0.0,0.0,0.0,0.0,0.4477850076402758,0.0,0.0,0.0,0.0,0.0,0.0,0.0,0.0,0.0,0.0,0.0,0.0,0.0,0.0,0.0,0.0,0.0,0.0,0.0,0.0,0.0,0.0,0.0,0.0,0.0,0.0,0.0,0.25856937262810575,0.4477850076402758,0.0,0.0,0.0,0.0,0.0,0.0,0.0,0.0,0.0,0.0,0.0,0.0,0.0,0.0,0.0,0.3165609790779289,0.0,0.0,0.0,0.0,0.0,0.0,0.0,0.0,0.0,0.0,0.3649918636367804,0.0,0.0,0.0,0.0,0.0,0.0,0.0,0.0,0.0,0.0,0.0,0.0,0.0,0.0,0.0,0.0,0.0,0.0,0.0,0.0,0.0,0.0,0.22193189661554422,0.0,0.0,0.0,0.0,0.0,0.0,0.0,0.0,0.0,0.0,0.0,0.0,0.0,0.0,0.0,0.0,0.0,0.0,0.0,0.0,0.0,0.0,0.0,0.49943505350816575,0.0,0.0,0.0,0.0,0.0,0.0,0.0,0.0,0.0,0.0,0.0,0.0,0.0,0.0,0.0,0.0,0.0,0.0,0.0,0.0,0.0,0.0,0.0,0.0,0.0,0.0
2025-11-27 06:00:25,China US,0.0,0.0,0.0,0.0,0.0,0.0,0.0,0.0,0.0,0.0,0.0,0.0,0.0,0.0,0.0,0.0,0.0,0.0,0.0,0.0,0.0,0.0,0.0,0.0,0.0,0.0,0.0,0.0,0.0,0.0,0.0,0.0,0.0,0.0,0.14162379346486922,0.0,0.0,0.0,0.0,0.13835197979925898,0.0,0.0,0.0,0.15664315916538268,0.0,0.0,0.0,0.0,0.0,0.0,0.0,0.0,0.0,0.0,0.0,0.0,0.0,0.0,0.0,0.0,0.0,0.461324940967442,0.0,0.0,0.16815039064986836,0.2375554334099252,0.0,0.0,0.0,0.0,0.0,0.0,0.0,0.0,0.0,0.0,0.0,0.0,0.0,0.0,0.0,0.0,0.0,0.0,0.0,0.24311338013534015,0.0,0.2640820305949243,0.0,0.0,0.0,0.0,0.0,0.0,0.0,0.0,0.21349790805875613,0.0,0.0,0.0,0.0,0.0,0.24560574648196123,0.0,0.0,0.0,0.0,0.0,0.0,0.0,0.0,0.0,0.0,0.0,0.0,0.0,0.0,0.0,0.20864956898787732,0.1959473702459174,0.0,0.0,0.0,0.0,0.0,0.0,0.0,0.0,0.0,0.49052222074207147,0.0,0.0,0.0,0.0,0.1082042333536659,0.0
2025-11-21 06:03:47,China US,0.0,0.0,0.0,0.0,0.0,0.0,0.0,0.0,0.0,0.0,0.0,0.0,0.0,0.0,0.0,0.0,0.0,0.0,0.0,0.0,0.0,0.0,0.0,0.0,0.0,0.0,0.0,0.0,0.0,0.0,0.0,0.0,0.0,0.0,0.0,0.0,0.0,0.0,0.0,0.0,0.0,0.0,0.16625429563985777,0.0,0.0,0.0,0.0,0.0,0.0,0.0,0.0,0.0,0.0,0.0,0.0,0.0,0.0,0.0,0.20471514697972287,0.0,0.0,0.0,0.0,0.0,0.0,0.0,0.0,0.0,0.0,0.0,0.0,0.0,0.0,0.0,0.0,0.0,0.0,0.0,0.0,0.0,0.0,0.0,0.0,0.0,0.22117360295064642,0.6993369415139182,0.0,0.0,0.0,0.0,0.0,0.0,0.0,0.0,0.0,0.0,0.0,0.0,0.0,0.0,0.0,0.0,0.0,0.1636934781412531,0.0,0.0,0.16892411632398538,0.0,0.23517169191277904,0.0,0.39798159340858275,0.0,0.0,0.0,0.0,0.0,0.0,0.0,0.0,0.0,0.0,0.0,0.0,0.0,0.0,0.0,0.0,0.0,0.0,0.0,0.0,0.0,0.0,0.0,0.0,0.0
2025-12-05 19:02:48,China US,0.0,0.0,0.0,0.0,0.15841965921688367,0.0,0.0,0.0,0.0,0.0,0.0,0.0,0.15841965921688367,0.0,0.0,0.0,0.0,0.0,0.15236982152253362,0.0,0.0,0.0,0.0,0.0,0.0,0.12807484765998983,0.0,0.0,0.0,0.0,0.0,0.0,0.12516638690010318,0.1830293439418914,0.16991684778523602,0.0,0.0,0.1425066700719423,0.0,0.0,0.0,0.0,0.4160511598880912,0.187936724340781,0.0,0.0,0.0,0.0,0.0,0.0,0.09796295227767275,0.0,0.0,0.0,0.12807484765998983,0.2398515582339284,0.0,0.0,0.0,0.0,0.14712921373939464,0.0,0.1199257791169642,0.0,0.0,0.0,0.0,0.0,0.0,0.0,0.0,0.0,0.0,0.0,0.0,0.0,0.12516638690010318,0.0,0.0,0.0,0.0,0.0,0.0,0.0,0.0,0.0,0.0,0.0,0.4413876412181839,0.0,0.13463109573831752,0.0,0.0,0.0,0.0,0.0,0.0,0.13463109573831752,0.0,0.0,0.0,0.0,0.0,0.0,0.0,0.0,0.10568309567457546,0.0,0.14712921373939464,0.24614988939819407,0.2489871057383604,0.0,0.0,0.0,0.0,0.0,0.0,0.0,0.0,0.0,0.13463109573831752,0.0,0.0,0.0,0.0,0.0,0.0,0.0,0.0,0.0,0.0,0.0,0.0,0.0,0.12982085706547405,0.0
2025-12-04 06:40:46,China US,0.0,0.0,0.0,0.0,0.0,0.0,0.0,0.0,0.0,0.0,0.24275530591840075,0.0,0.0,0.0,0.0,0.0,0.0,0.0,0.0,0.0,0.0,0.0,0.0,0.0,0.0,0.0,0.33795752350801866,0.0,0.0,0.0,0.0,0.0,0.0,0.2102102710800278,0.0,0.0,0.0,0.0,0.0,0.0,0.0,0.0,0.0,0.2158464261452555,0.0,0.0,0.0,0.0,0.635682658151464,0.0,0.0,0.0,0.0,0.0,0.0,0.2754709162446017,0.0,0.0,0.29418942192883774,0.0,0.0,0.0,0.0,0.0,0.0,0.0,0.0,0.0,0.0,0.0,0.0,0.0,0.0,0.0,0.0,0.0,0.0,0.0,0.0,0.0,0.0,0.0,0.0,0.0,0.0,0.0,0.0,0.0,0.0,0.0,0.0,0.0,0.0,0.0,0.0,0.0,0.0,0.0,0.0,0.0,0.0,0.0,0.0,0.0,0.0,0.0,0.0,0.23523852738002843,0.33795752350801866,0.0,0.0,0.0,0.0,0.0,0.0,0.0,0.0,0.0,0.0,0.0,0.0,0.0,0.0,0.0,0.0,0.0,0.0,0.0,0.0,0.0,0.0,0.0,0.0,0.0,0.0,0.0
2025-11-24 11:26:59,China US,0.0,0.0,0.0,0.0,0.0,0.0,0.0,0.0,0.0,0.0,0.26318374277569395,0.0,0.0,0.0,0.0,0.0,0.0,0.0,0.0,0.0,0.0,0.0,0.0,0.0,0.0,0.0,0.0,0.0,0.0,0.31170319116612194,0.0,0.0,0.0,0.22789996578419341,0.0,0.0,0.0,0.0,0.0,0.0,0.0,0.0,0.0,0.0,0.0,0.0,0.0,0.0,0.0,0.0,0.24395818715591555,0.0,0.0,0.31894616208419807,0.0,0.0,0.0,0.0,0.0,0.0,0.0,0.0,0.0,0.0,0.0,0.0,0.0,0.0,0.0,0.0,0.0,0.0,0.0,0.0,0.0,0.0,0.0,0.0,0.0,0.0,0.0,0.0,0.0,0.0,0.0,0.5447834143939988,0.0,0.0,0.0,0.0,0.0,0.0,0.0,0.0,0.0,0.0,0.0,0.0,0.0,0.0,0.0,0.0,0.18345615406378532,0.2550344094300829,0.0,0.0,0.26318374277569395,0.0,0.0,0.0,0.0,0.0,0.0,0.0,0.0,0.0,0.0,0.0,0.0,0.0,0.0,0.0,0.0,0.0,0.0,0.0,0.0,0.0,0.0,0.0,0.0,0.0,0.0,0.0,0.0,0.0
2025-11-30 06:25:48,China US,0.0,0.0,0.0,0.0,0.0,0.0,0.0,0.0,0.0,0.0,0.0,0.0,0.0,0.0,0.0,0.0,0.0,0.0,0.0,0.0,0.0,0.0,0.0,0.0,0.0,0.0,0.0,0.0,0.0,0.0,0.0,0.23171572990629838,0.0,0.0,0.0,0.0,0.25165361352449717,0.0,0.0,0.0,0.0,0.0,0.36735395523605985,0.0,0.0,0.0,0.0,0.0,0.0,0.0,0.0,0.18367697761802992,0.0,0.0,0.0,0.42355569257619924,0.0,0.0,0.0,0.0,0.0,0.0,0.0,0.0,0.35625919235091025,0.0,0.0,0.0,0.0,0.19293140679685886,0.0,0.0,0.23171572990629838,0.0,0.0,0.0,0.0,0.0,0.0,0.0,0.0,0.0,0.0,0.0,0.0,0.0,0.0,0.0,0.0,0.0,0.0,0.0,0.0,0.0,0.0,0.0,0.0,0.0,0.0,0.0,0.0,0.0,0.0,0.0,0.0,0.0,0.0,0.0,0.0,0.0,0.43968822545942776,0.0,0.0,0.0,0.0,0.0,0.0,0.0,0.0,0.2075762405228464,0.0,0.0,0.0,0.0,0.0,0.0,0.0,0.0,0.0,0.0,0.0,0.0,0.0,0.0,0.11462581988225852,0.0
2025-11-11 10:10:19,China US,0.0,0.0,0.0,0.0,0.0,0.0,0.0,0.0,0.0,0.0,0.0,0.0,0.0,0.0,0.0,0.0,0.0,0.0,0.0,0.0,0.0,0.0,0.0,0.0,0.0,0.0,0.0,0.0,0.0,0.0,0.0,0.0,0.0,0.0,0.0,0.0,0.0,0.0,0.0,0.0,0.0,0.0,0.0,0.5618014653430543,0.0,0.0,0.0,0.0,0.0,0.0,0.0,0.0,0.0,0.0,0.0,0.0,0.0,0.0,0.0,0.0,0.0,0.0,0.0,0.0,0.0,0.0,0.0,0.0,0.0,0.0,0.0,0.0,0.0,0.0,0.0,0.0,0.0,0.0,0.0,0.0,0.0,0.0,0.0,0.0,0.0,0.0,0.0,0.0,0.0,0.0,0.0,0.0,0.0,0.0,0.0,0.8272720915988867,0.0,0.0,0.0,0.0,0.0,0.0,0.0,0.0,0.0,0.0,0.0,0.0,0.0,0.0,0.0,0.0,0.0,0.0,0.0,0.0,0.0,0.0,0.0,0.0,0.0,0.0,0.0,0.0,0.0,0.0,0.0,0.0,0.0,0.0,0.0,0.0,0.0,0.0,0.0,0.0
2025-11-16 00:00:03,China US,0.0,0.27483028382823604,0.0,0.0,0.0,0.0,0.0,0.0,0.0,0.0,0.0,0.0,0.0,0.0,0.28374505944886486,0.0,0.0,0.0,0.0,0.0,0.0,0.0,0.0,0.0,0.0,0.0,0.0,0.0,0.0,0.0,0.2668557452953403,0.0,0.0,0.1764900075170224,0.0,0.0,0.27483028382823604,0.0,0.0,0.0,0.0,0.0,0.0,0.0,0.0,0.0,0.0,0.0,0.0,0.0,0.0,0.2005931692554924,0.0,0.0,0.0,0.0,0.0,0.0,0.0,0.0,0.0,0.0,0.0,0.2668557452953403,0.0,0.0,0.0,0.0,0.0,0.0,0.0,0.0,0.0,0.0,0.22669349468069022,0.0,0.0,0.0,0.0,0.0,0.0,0.0,0.0,0.0,0.0,0.1406301643072539,0.0,0.0,0.0,0.0,0.0,0.0,0.2596418977103948,0.0,0.0,0.0,0.0,0.0,0.0,0.0,0.0,0.0,0.14207188622582567,0.0,0.0,0.0,0.0,0.19750342955311034,0.0,0.0,0.32012160977026166,0.0,0.0,0.0,0.0,0.0,0.0,0.0,0.0,0.0,0.0,0.0,0.0,0.0,0.0,0.0,0.0,0.0,0.0,0.0,0.0,0.0,0.0,0.0,0.0,0.0
2025-12-01 17:38:50,China US,0.0,0.0,0.0,0.0,0.0,0.0,0.0,0.0,0.0,0.0,0.2399017273433439,0.0,0.0,0.0,0.0,0.0,0.0,0.0,0.0,0.0,0.0,0.0,0.0,0.0,0.0,0.0,0.0,0.0,0.0,0.0,0.0,0.0,0.0,0.0,0.0,0.33398484680497703,0.0,0.0,0.0,0.0,0.0,0.0,0.0,0.2133091603383539,0.0,0.0,0.0,0.0,0.0,0.0,0.0,0.0,0.0,0.0,0.0,0.0,0.19754650629839826,0.0,0.0,0.0,0.0,0.0,0.0,0.0,0.0,0.0,0.0,0.0,0.0,0.0,0.0,0.0,0.0,0.0,0.0,0.0,0.0,0.0,0.0,0.0,0.0,0.0,0.0,0.0,0.0,0.16553008525874033,0.0,0.0,0.0,0.0,0.0,0.0,0.0,0.0,0.0,0.0,0.0,0.3056139888370016,0.0,0.0,0.0,0.0,0.0,0.0,0.0,0.0,0.0,0.0,0.0,0.0,0.1884011073280931,0.0,0.0,0.0,0.0,0.0,0.0,0.0,0.0,0.0,0.0,0.0,0.0,0.33398484680497703,0.0,0.0,0.0,0.0,0.0,0.0,0.0,0.6917621620549614,0.0,0.0,0.0,0.0
2025-11-11 06:14:45,China US,0.0,0.0,0.0,0.0,0.0,0.0,0.0,0.0,0.4199455957924205,0.0,0.0,0.0,0.0,0.0,0.0,0.0,0.0,0.4067516365156234,0.0,0.0,0.0,0.0,0.0,0.0,0.0,0.0,0.0,0.0,0.0,0.0,0.0,0.0,0.0,0.0,0.0,0.0,0.0,0.0,0.0,0.0,0.0,0.0,0.0,0.0,0.0,0.0,0.0,0.0,0.0,0.0,0.0,0.0,0.43490367313050005,0.0,0.0,0.0,0.0,0.0,0.0,0.4199455957924205,0.0,0.0,0.0,0.0,0.28791362755131045,0.0,0.0,0.0,0.0,0.0,0.0,0.0,0.0,0.0,0.0,0.0,0.0,0.0,0.0,0.0,0.0,0.0,0.0,0.0,0.0,0.0,0.0,0.0,0.0,0.0,0.0,0.0,0.0,0.0,0.0,0.0,0.0,0.0,0.0,0.0,0.0,0.0,0.0,0.0,0.0,0.0,0.0,0.0,0.0,0.0,0.0,0.0,0.0,0.0,0.0,0.0,0.0,0.0,0.0,0.3355086952733521,0.0,0.0,0.0,0.0,0.0,0.0,0.31183802350704043,0.0,0.0,0.0,0.0,0.0,0.0,0.0,0.0,0.0
2025-11-13 19:00:29,China US,0.0,0.0,0.0,0.0,0.0,0.0,0.0,0.0,0.0,0.0,0.0,0.0,0.5587079438938332,0.0,0.0,0.0,0.0,0.0,0.0,0.0,0.0,0.0,0.0,0.0,0.0,0.0,0.0,0.0,0.0,0.0,0.0,0.0,0.0,0.0,0.0,0.0,0.0,0.0,0.0,0.0,0.4066467124140715,0.0,0.0,0.0,0.0,0.4145581283772677,0.0,0.0,0.0,0.0,0.0,0.0,0.0,0.0,0.4516891095104859,0.0,0.30691440761541555,0.0,0.0,0.0,0.0,0.0,0.0,0.0,0.0,0.0,0.0,0.0,0.0,0.0,0.0,0.0,0.0,0.0,0.0,0.0,0.0,0.0,0.0,0.0,0.0,0.0,0.0,0.0,0.0,0.0,0.0,0.0,0.0,0.0,0.0,0.0,0.0,0.0,0.0,0.0,0.0,0.0,0.0,0.0,0.0,0.0,0.0,0.0,0.0,0.0,0.0,0.0,0.0,0.0,0.0,0.0,0.0,0.0,0.0,0.0,0.0,0.0,0.0,0.0,0.0,0.0,0.0,0.0,0.0,0.0,0.0,0.0,0.0,0.0,0.0,0.0,0.0,0.0,0.22892343186487576,0.0
2025-11-19 13:52:41,China US,0.0,0.08103225738890499,0.07868100682817998,0.0,0.0,0.0,0.0,0.0,0.0,0.0,0.12018721377792628,0.0,0.0,0.0,0.0,0.0,0.0,0.16206451477780998,0.0,0.0,0.0,0.0,0.0,0.0,0.15310808395017833,0.0,0.0,0.0,0.0,0.0,0.15736201365635996,0.0,0.07117221162074823,0.052037146403513666,0.14492738203931468,0.0,0.0,0.0,0.0,0.09438616559034878,0.1311276370151874,0.0,0.0,0.10686473139763743,0.0,0.3341968969627206,0.0,0.07655404197508917,0.0,0.07868100682817998,0.0,0.0,0.0,0.0,0.07282602291801372,0.0,0.04948393754078319,0.06819229300681083,0.0,0.0,0.0,0.0,0.0,0.0,0.0,0.08103225738890499,0.5019643913287327,0.0,0.0,0.06212375493048401,0.0,0.0,0.0746122751978579,0.08103225738890499,0.0,0.0,0.07117221162074823,0.0,0.0,0.0,0.0,0.07655404197508917,0.0,0.1624923337698134,0.07868100682817998,0.20732030531816184,0.0,0.0,0.0,0.0,0.07655404197508917,0.0,0.0,0.0,0.0,0.0,0.2913040916720549,0.0,0.0,0.0,0.0,0.0,0.0,0.17469852866077962,0.0,0.0,0.0,0.058232842886926546,0.0,0.27993189629503634,0.14157924838552316,0.0,0.0,0.0,0.07282602291801372,0.0746122751978579,0.0,0.0,0.0,0.0,0.0,0.0,0.07655404197508917,0.0,0.0,0.0,0.0,0.16732146377624424,0.0,0.0,0.0,0.0,0.0,0.0,0.07381884019089802,0.0
2025-11-14 22:24:18,China US,0.0,0.14211151112589673,0.0,0.0,0.0,0.0,0.0,0.13798797093354373,0.0,0.0,0.0,0.0,0.0,0.0,0.0,0.13425777509395712,0.0,0.28422302225179347,0.0,0.0,0.0,0.0,0.0,0.0,0.0,0.0,0.0,0.0,0.0,0.12481931109303529,0.13798797093354373,0.0,0.0,0.18252181904771644,0.0,0.29344247374126353,0.0,0.0,0.0,0.24829668554797324,0.0,0.0,0.0,0.09370779584785884,0.0,0.11722054295740415,0.11498350932740914,0.0,0.0,0.13798797093354373,0.0,0.0,0.0,0.0,0.0,0.0,0.08678318199417519,0.0,0.0,0.0,0.0,0.0,0.1195932350721442,0.0,0.20118341027736103,0.28422302225179347,0.0,0.0,0.0,0.0,0.0,0.10372437130053287,0.0,0.0,0.0,0.15798037489750802,0.12481931109303529,0.0,0.0,0.0,0.0,0.0,0.0,0.09499110536344484,0.0,0.0,0.0,0.0,0.0,0.0,0.0,0.0,0.0,0.0,0.0,0.0,0.0,0.0,0.0,0.0,0.0,0.11722054295740415,0.14692740668038587,0.0,0.0,0.0,0.10539004538660987,0.10212670319796811,0.0,0.3272897820917456,0.16553112369864884,0.0,0.0,0.0,0.0,0.0,0.0,0.0,0.0,0.0,0.0,0.0,0.0,0.0,0.0,0.0,0.0,0.0,0.0,0.0,0.0,0.0,0.0,0.0,0.0647304374031049,0.0
2025-11-20 05:58:43,China US,0.0,0.0,0.0,0.0,0.0,0.0,0.0,0.0,0.0,0.0,0.0,0.0,0.0,0.0,0.0,0.0,0.0,0.0,0.0,0.0,0.0,0.0,0.0,0.0,0.0,0.4735900205323338,0.0,0.41851725610392426,0.0,0.0,0.0,0.0,0.0,0.0,0.0,0.0,0.0,0.0,0.0,0.0,0.0,0.0,0.0,0.0,0.0,0.0,0.0,0.0,0.0,0.0,0.0,0.0,0.0,0.0,0.0,0.0,0.0,0.0,0.0,0.0,0.0,0.0,0.0,0.0,0.0,0.0,0.0,0.0,0.0,0.4039928200692143,0.0,0.0,0.0,0.0,0.0,0.0,0.0,0.0,0.0,0.0,0.0,0.0,0.0,0.0,0.0,0.0,0.0,0.0,0.0,0.0,0.0,0.0,0.0,0.5857978442451596,0.0,0.0,0.0,0.0,0.0,0.0,0.0,0.0,0.0,0.0,0.0,0.0,0.0,0.0,0.0,0.0,0.3068981684625591,0.0,0.0,0.0,0.0,0.0,0.0,0.0,0.0,0.0,0.0,0.0,0.0,0.0,0.0,0.0,0.0,0.0,0.0,0.0,0.0,0.0,0.0,0.0,0.0,0.0
2025-11-10 13:53:50,China US,0.0,0.0,0.0,0.44700743413684857,0.0,0.0,0.0,0.0,0.0,0.0,0.0,0.0,0.0,0.0,0.0,0.0,0.0,0.0,0.0,0.0,0.0,0.0,0.0,0.0,0.0,0.0,0.0,0.0,0.0,0.0,0.0,0.0,0.0,0.0,0.24924257765133348,0.0,0.0,0.0,0.3261342988469285,0.0,0.0,0.0,0.0,0.0,0.0,0.0,0.0,0.0,0.0,0.0,0.0,0.30514238251524683,0.0,0.0,0.37573325516754763,0.0,0.0,0.0,0.0,0.0,0.0,0.0,0.0,0.0,0.29592652317315593,0.0,0.0,0.0,0.0,0.0,0.0,0.0,0.0,0.0,0.0,0.0,0.0,0.0,0.0,0.0,0.0,0.0,0.0,0.0,0.0,0.0,0.0,0.0,0.0,0.0,0.0,0.0,0.0,0.0,0.40594103084132027,0.0,0.0,0.0,0.0,0.0,0.0,0.0,0.0,0.0,0.0,0.0,0.0,0.0,0.0,0.0,0.0,0.0,0.0,0.0,0.0,0.0,0.0,0.0,0.0,0.0,0.0,0.0,0.0,0.0,0.0,0.0,0.0,0.0,0.0,0.0,0.0,0.0,0.0,0.0,0.38085552397724687,0.0
2025-11-19 18:36:55,China US,0.0,0.0,0.0,0.0,0.0,0.0,0.0,0.0,0.0,0.0,0.7864665989689541,0.0,0.0,0.0,0.0,0.0,0.0,0.0,0.0,0.0,0.0,0.0,0.0,0.0,0.0,0.0,0.0,0.0,0.0,0.0,0.0,0.0,0.0,0.0,0.0,0.0,0.0,0.0,0.0,0.0,0.0,0.0,0.0,0.0,0.0,0.0,0.0,0.0,0.0,0.0,0.0,0.0,0.0,0.0,0.0,0.0,0.0,0.0,0.0,0.0,0.0,0.0,0.0,0.0,0.0,0.0,0.0,0.0,0.0,0.0,0.0,0.0,0.0,0.0,0.0,0.0,0.0,0.0,0.0,0.0,0.0,0.0,0.0,0.0,0.0,0.0,0.0,0.0,0.0,0.0,0.0,0.0,0.0,0.0,0.0,0.0,0.0,0.0,0.0,0.0,0.0,0.0,0.0,0.0,0.0,0.0,0.0,0.0,0.0,0.0,0.6176328105810169,0.0,0.0,0.0,0.0,0.0,0.0,0.0,0.0,0.0,0.0,0.0,0.0,0.0,0.0,0.0,0.0,0.0,0.0,0.0,0.0,0.0,0.0,0.0,0.0,0.0
2025-11-18 12:16:04,China US,0.0,0.0,0.13289507067824538,0.0,0.1521495891688365,0.0,0.14130600669034304,0.0,0.0,0.0,0.10150027886983233,0.0,0.0,0.0,0.0,0.12930254999407423,0.0,0.0,0.0,0.0,0.0,0.0,0.0,0.0,0.0,0.0,0.0,0.10870171203571645,0.0,0.12021244357385104,0.13289507067824538,0.0,0.0,0.0,0.08159586604082315,0.0,0.0,0.0,0.1067683170780648,0.07971082636607463,0.0,0.0,0.0,0.0,0.0,0.11289413298764314,0.0,0.0,0.0,0.0,0.0,0.29968824590542614,0.0,0.0,0.0,0.0,0.0,0.0,0.0,0.0,0.0,0.0,0.11517925309016247,0.0,0.0,0.0,0.42391802007102913,0.0,0.0,0.0,0.0,0.49948040984237685,0.0,0.1368664180471494,0.0,0.0,0.0,0.0,0.0,0.0,0.0,0.0,0.0,0.09148514595637772,0.0,0.07003430113307778,0.0,0.0,0.0,0.13289507067824538,0.0,0.0,0.0,0.0,0.0,0.0,0.0,0.0,0.0,0.0,0.0,0.0,0.0,0.09835738106596716,0.0,0.0,0.10150027886983233,0.0,0.0,0.3152100754079335,0.0,0.0,0.0,0.0,0.12300579076269079,0.0,0.0,0.0,0.0,0.0,0.0,0.0,0.0,0.0,0.0,0.0,0.0,0.0,0.0,0.0,0.0,0.0,0.0,0.0,0.06234134755023202,0.0
2025-11-10 11:00:19,China US,0.0,0.0,0.0,0.0,0.0,0.0,0.0,0.0,0.0,0.0,0.0,0.0,0.0,0.0,0.0,0.0,0.2565923311083681,0.0,0.0,0.0,0.0,0.0,0.0,0.0,0.0,0.0,0.0,0.0,0.0,0.0,0.0,0.0,0.0,0.0,0.166135552987258,0.0,0.27867071153178496,0.0,0.0,0.0,0.0,0.0,0.20339622121039605,0.0,0.0,0.0,0.0,0.0,0.0,0.0,0.0,0.0,0.0,0.0,0.0,0.0,0.1701757365304815,0.46902790136990247,0.0,0.0,0.0,0.0,0.0,0.0,0.0,0.0,0.0,0.0,0.0,0.21364418994792314,0.0,0.0,0.0,0.0,0.0,0.0,0.0,0.0,0.0,0.0,0.0,0.0,0.0,0.0,0.0,0.0,0.0,0.0,0.0,0.0,0.0,0.0,0.2632700857072904,0.0,0.0,0.0,0.0,0.0,0.0,0.0,0.0,0.0,0.0,0.0,0.0,0.0,0.0,0.0,0.0,0.48134424014985333,0.0,0.0,0.0,0.3097884410063401,0.0,0.0,0.0,0.0,0.0,0.0,0.0,0.0,0.0,0.0,0.0,0.0,0.0,0.0,0.0,0.0,0.0,0.0,0.0,0.0,0.0,0.0
2025-11-14 12:16:51,China US,0.0,0.0,0.0,0.0,0.0,0.0,0.14835886003157067,0.0,0.0,0.0,0.10656635212269397,0.0,0.0,0.0,0.0,0.13575628782953233,0.0,0.0,0.0,0.0,0.0,0.1536432666889475,0.0,0.0,0.0,0.0,0.0,0.0,0.0,0.0,0.0,0.0,0.0,0.0922795144805244,0.0,0.0,0.0,0.0,0.11209732820419087,0.0,0.0,0.0,0.0,0.0,0.0,0.0,0.0,0.0,0.0,0.0,0.0,0.0,0.0,0.0,0.0,0.0,0.0,0.0,0.0,0.0,0.0,0.0,0.0,0.0,0.0,0.0,0.5934354401262827,0.0,0.0,0.0,0.0,0.0,0.0,0.0,0.0,0.0,0.0,0.0,0.0,0.0,0.0,0.0,0.2646257531554688,0.0,0.0,0.0,0.0,0.0,0.0,0.0,0.0,0.0,0.0,0.0,0.0,0.0,0.0,0.0,0.0,0.0,0.0,0.0,0.0,0.0,0.0,0.0,0.0,0.0,0.0,0.4136785172238395,0.0,0.0,0.0,0.0,0.0,0.0,0.0,0.0,0.5048499071751034,0.0,0.0,0.0,0.0,0.0,0.0,0.0,0.0,0.0,0.0,0.0,0.0,0.0,0.0,0.0,0.06545292356645763,0.0
2025-11-19 19:07:00,China US,0.24243382813288855,0.0,0.0,0.0,0.0,0.0,0.0,0.0,0.0,0.0,0.0,0.0,0.0,0.0,0.0,0.11451790961464602,0.0,0.0,0.0,0.0,0.0,0.0,0.2695051706426649,0.0,0.0,0.0,0.0,0.0,0.0,0.0,0.11769965629340455,0.0,0.0,0.0,0.07226607683003916,0.0,0.0,0.0,0.0,0.0705965753151598,0.0,0.0,0.0,0.47957986288315035,0.0,0.0,0.09807753122019165,0.0,0.11769965629340455,0.11769965629340455,0.166655592498836,0.0,0.0,0.0,0.0,0.0,0.07402348642173831,0.10200949088371535,0.0,0.0,0.0,0.0,0.0,0.0,0.0,0.0,0.0,0.0,0.0,0.1858630156815649,0.0,0.35389527851530866,0.0,0.0,0.0,0.0,0.10646717909567062,0.10416398503851639,0.0,0.0,0.0,0.0,0.0,0.0,0.0,0.062026477957706605,0.0,0.0,0.0,0.0,0.0,0.0,0.0,0.0,0.0,0.11769965629340455,0.10894113093117995,0.0,0.0,0.0,0.0,0.0,0.0,0.0,0.0,0.0,0.17978918067755845,0.08711105601058851,0.0,0.13958424998905963,0.0,0.0,0.0,0.0,0.0,0.0,0.0,0.12960656194192324,0.4258687163826825,0.0,0.0,0.0,0.0,0.0,0.0,0.0,0.0,0.0,0.0,0.0,0.0,0.0,0.0,0.0,0.05521314780211128,0.0
2025-11-27 12:52:42,China US,0.0,0.0,0.0,0.2111071404313909,0.0,0.0,0.0,0.0,0.0,0.0,0.0,0.0,0.0,0.6333214212941727,0.0,0.0,0.0,0.0,0.0,0.43897828206677875,0.0,0.0,0.0,0.0,0.0,0.0,0.0,0.0,0.0,0.0,0.0,0.0,0.0,0.0,0.0,0.0,0.0,0.0,0.15402267158960484,0.1149898656034942,0.0,0.0,0.0,0.13019239656901954,0.21948914103338937,0.0,0.0,0.0,0.0,0.0,0.0,0.0,0.0,0.0,0.0,0.0,0.0,0.0,0.0,0.0,0.0,0.0,0.0,0.0,0.13975651703761865,0.19744182483562425,0.0,0.0,0.0,0.0,0.0,0.0,0.0,0.0,0.0,0.0,0.0,0.0,0.0,0.0,0.0,0.0,0.0,0.0,0.0,0.20206125672170316,0.0,0.0,0.0,0.0,0.0,0.0,0.0,0.0,0.0,0.0,0.0,0.0,0.2111071404313909,0.0,0.2111071404313909,0.0,0.0,0.0,0.0,0.0,0.0,0.0,0.0,0.0,0.0,0.0,0.0,0.0,0.0,0.0,0.0,0.0,0.0,0.0,0.0,0.0,0.0,0.0,0.0,0.0,0.15136968824955038,0.0,0.0,0.0,0.0,0.0,0.0,0.0,0.0,0.0
2025-11-19 00:23:14,China US,0.0,0.0,0.0,0.0,0.0,0.1688260541999258,0.0,0.0,0.0,0.0,0.0,0.0,0.0,0.0,0.0,0.0,0.0,0.0,0.0,0.0,0.0,0.0,0.563033982053922,0.0,0.0,0.0,0.0,0.0,0.0,0.0,0.0,0.0,0.0,0.21683281157935394,0.10064929220221383,0.0,0.0,0.0,0.0,0.0,0.0,0.0,0.12322278605231105,0.0,0.0,0.0,0.0,0.0,0.0,0.0,0.232111222337394,0.0,0.0,0.0,0.0,0.0,0.0,0.0,0.1517288360030935,0.0,0.0,0.0,0.14207472587035924,0.0,0.11950123202026201,0.0,0.0,0.0,0.0,0.0,0.0,0.12322278605231105,0.15545039003514252,0.0,0.0,0.0,0.0,0.1450754188821652,0.0,0.0,0.187677994017974,0.0,0.0,0.11284781489933374,0.0,0.0,0.0,0.0,0.0,0.0,0.0,0.0,0.0,0.0,0.0,0.0,0.0,0.0,0.0,0.0,0.0,0.0,0.08727362803743055,0.24264956712880928,0.0,0.0,0.0,0.0,0.0,0.19440734270129761,0.09832407747942865,0.0,0.18051081913435996,0.0,0.0,0.15545039003514252,0.0,0.0,0.0,0.13925600805933003,0.0,0.0,0.0,0.0,0.0,0.0,0.0,0.0,0.0,0.0,0.0,0.0,0.0,0.0,0.07689865688445324,0.0
2025-11-19 03:39:23,China US,0.0,0.0,0.0,0.0,0.0,0.0,0.0,0.0,0.0,0.0,0.0,0.0,0.0,0.0,0.0,0.0,0.0,0.0,0.0,0.0,0.0,0.0,0.0,0.0,0.19298920404902103,0.0,0.21090484108600113,0.162241633173516,0.0,0.0,0.0,0.0,0.0,0.0,0.365355236419483,0.0,0.0,0.0,0.0,0.0,0.0,0.0,0.0,0.0,0.0,0.0,0.0,0.0,0.19835118420640854,0.0,0.0,0.14909887970187247,0.0,0.0,0.0,0.0,0.2494934420919215,0.0,0.0,0.0,0.0,0.0,0.0,0.0,0.14459582020528766,0.0,0.0,0.20427857827374973,0.0,0.0,0.43683415655891383,0.0,0.0,0.0,0.0,0.0,0.0,0.0,0.0,0.0,0.0,0.19298920404902103,0.0,0.0,0.0,0.0,0.0,0.0,0.0,0.0,0.19298920404902103,0.0,0.0,0.0,0.19835118420640854,0.0,0.0,0.0,0.0,0.0,0.0,0.0,0.0,0.2936046146829613,0.0,0.0,0.0,0.0,0.0,0.0,0.0,0.0,0.0,0.0,0.0,0.0,0.21090484108600113,0.0,0.0,0.0,0.0,0.0,0.0,0.0,0.0,0.0,0.0,0.0,0.0,0.0,0.0,0.0,0.0,0.0,0.0,0.0
2025-11-14 17:24:51,China US,0.0,0.0,0.0,0.0,0.0,0.0,0.4461686773344523,0.0,0.0,0.0,0.0,0.24020345117105119,0.0,0.0,0.0,0.0,0.0,0.0,0.0,0.0,0.2098057233997027,0.0,0.0,0.2098057233997027,0.0,0.0,0.0,0.0,0.0,0.0,0.0,0.0,0.0,0.0,0.1288180187101742,0.0,0.0,0.0,0.0,0.0,0.0,0.0,0.0,0.0,0.0,0.0,0.17482827082870847,0.0,0.0,0.0,0.0,0.31541831664976683,0.0,0.0,0.0,0.0,0.3958520765404601,0.0,0.0,0.0,0.0,0.0,0.0,0.0,0.15294605262943303,0.0,0.0,0.0,0.0,0.0,0.0,0.0,0.0,0.0,0.0,0.0,0.0,0.0,0.0,0.0,0.0,0.0,0.0,0.0,0.0,0.11056540424733233,0.24020345117105119,0.0,0.22308433866722616,0.0,0.0,0.0,0.0,0.0,0.0,0.2098057233997027,0.0,0.0,0.0,0.0,0.0,0.0,0.2233978124126983,0.0,0.0,0.0,0.0,0.0,0.0,0.12440807163937594,0.0,0.0,0.0,0.0,0.0,0.0,0.0,0.0,0.0,0.0,0.0,0.0,0.0,0.0,0.0,0.20413409542189911,0.0,0.0,0.0,0.0,0.0,0.0,0.0,0.0,0.0,0.0
2025-12-05 14:39:45,China US,0.0,0.0,0.0,0.0,0.0,0.0,0.0,0.0,0.0,0.0,0.05264993707841071,0.0,0.0,0.0,0.0,0.0,0.0653702082103806,0.0,0.0,0.0,0.0,0.0,0.0,0.0,0.0,0.0,0.14659570286676854,0.05638544408666653,0.0,0.062356258137202,0.0,0.0653702082103806,0.062356258137202,0.045591413558306926,0.04232517645017643,0.07329785143338427,0.0,0.0,0.0,0.08269474802180675,0.05744256498737693,0.0,0.0,0.04681380994806143,0.0,0.17568037441386078,0.05744256498737693,0.0,0.1378699090711596,0.0,0.09760772506734276,0.10363562521369997,0.8349951911480586,0.0,0.0,0.05974545582985366,0.04335446535482858,0.05974545582985366,0.06380521527671071,0.0,0.0,0.0,0.0,0.0689349545355798,0.0,0.0,0.0,0.0,0.0,0.10885722982839664,0.0,0.0,0.0,0.0,0.11712024960924051,0.0,0.062356258137202,0.0,0.0,0.0,0.0,0.0,0.0,0.04745491570904551,0.0,0.07265598851636147,0.0,0.0,0.0,0.0,0.0,0.0,0.0,0.0,0.0,0.0,0.0,0.0,0.0,0.0,0.0,0.0,0.03670042406964948,0.10203932406848942,0.0,0.05744256498737693,0.0,0.10203932406848942,0.0,0.0,0.0,0.14198992118181508,0.0,0.0,0.0,0.0,0.0,0.0,0.0,0.11712024960924051,0.0,0.0,0.0,0.0,0.0,0.0,0.0,0.0,0.0,0.0,0.0,0.0,0.0,0.0,0.0,0.0
2025-11-14 08:20:20,China US,0.19578452041989447,0.0,0.0,0.0,0.0,0.0,0.0,0.0,0.0,0.0,0.0,0.21764677393137233,0.0,0.0,0.0,0.0,0.0,0.0,0.0,0.0,0.1901035918828896,0.0,0.0,0.0,0.0,0.0,0.0,0.0,0.0,0.0,0.0,0.0,0.0,0.0,0.11672116307993959,0.0,0.0,0.0,0.0,0.0,0.0,0.0,0.0,0.0,0.0,0.0,0.0,0.0,0.0,0.0,0.13458759243282176,0.14289923546685354,0.0,0.0,0.1759571858236768,0.0,0.23911931598827124,0.0,0.0,0.2021352582105908,0.0,0.0,0.0,0.0,0.0,0.0,0.0,0.0,0.0,0.0,0.0,0.0,0.0,0.0,0.0,0.0,0.0,0.0,0.0,0.0,0.0,0.0,0.0,0.13086756913915237,0.0,0.10018258865778569,0.21764677393137233,0.0,0.2021352582105908,0.0,0.0,0.0,0.0,0.0,0.0,0.1901035918828896,0.0,0.0,0.0,0.0,0.0,0.0,0.20241929471831613,0.0,0.0,0.0,0.0,0.2813963126458581,0.0,0.0,0.2280493072738881,0.0,0.0,0.0,0.1759571858236768,0.0,0.0,0.0,0.0,0.16149267293304348,0.0,0.0,0.0,0.0,0.0,0.3699291338352741,0.0,0.0,0.0,0.0,0.0,0.0,0.0,0.0,0.0,0.0
2025-11-17 00:17:43,China US,0.0,0.0,0.20785782398916136,0.0,0.0,0.0,0.0,0.0,0.0,0.0,0.0,0.0,0.0,0.0,0.11050657830027641,0.0,0.09855456730094032,0.0,0.1144427213653394,0.0,0.0,0.0,0.0,0.0,0.0,0.0961951255058265,0.0,0.2550264040531391,0.10392891199458068,0.0,0.0,0.0,0.2820318708228527,0.06873531779823289,0.0,0.33151973490082925,0.0,0.0,0.5009808854211532,0.1246736905460134,0.0,0.0,0.0,0.0705782482486725,0.0,0.0,0.0,0.0,0.0,0.0,0.1471570516997915,0.0,0.0,0.0,0.0961951255058265,0.0900744805425546,0.0,0.0900744805425546,0.0961951255058265,0.0,0.0,0.0,0.0900744805425546,0.0,0.07576302774810469,0.10703465405932606,0.0,0.0,0.1144427213653394,0.0,0.0,0.07812246954321851,0.0,0.0,0.0,0.11898666505866215,0.0,0.0,0.0,0.0,0.0,0.0,0.0,0.21463440971256834,0.0,0.054769440897352195,0.0,0.0,0.0,0.0,0.0,0.0,0.10111942655529078,0.0,0.0,0.0,0.0,0.0,0.0,0.0,0.0,0.0,0.11066185998076575,0.0,0.0,0.0,0.0,0.07691914793116314,0.0,0.0,0.0623368452730067,0.0,0.1144427213653394,0.0,0.0,0.0,0.0,0.0,0.18802124721523514,0.08828743121995955,0.10111942655529078,0.0,0.0,0.0,0.0,0.0,0.0,0.0,0.0,0.0,0.0,0.1144427213653394,0.0,0.0,0.0,0.0
2025-11-07 10:03:09,China US,0.0,0.0,0.0,0.0,0.0,0.0,0.0,0.0,0.0,0.0,0.0,0.0,0.0,0.0,0.0,0.0,0.0,0.0,0.0,0.0,0.15139885441914114,0.0,0.0,0.0,0.0,0.0,0.0,0.0,0.0,0.13695034850518345,0.0,0.0,0.0,0.0,0.0,0.0,0.1559231564800374,0.0,0.12163431503802755,0.0,0.0,0.0,0.0,0.0,0.0,0.0,0.0,0.1473061253714443,0.0,0.0,0.0,0.0,0.0,0.0,0.0,0.0,0.0,0.0,0.0,0.0,0.0,0.0,0.26243271299237864,0.0,0.11036809092148266,0.0,0.1609808958773029,0.0,0.0,0.0,0.0,0.0,0.0,0.0,0.0,0.0,0.0,0.0,0.0,0.0,0.0,0.0,0.0,0.0,0.0,0.0,0.0,0.0,0.0,0.0,0.0,0.0,0.0,0.0,0.0,0.0,0.14013263030259626,0.0,0.0,0.0,0.0,0.0,0.0,0.0,0.0,0.0,0.0,0.11205227357986577,0.1609808958773029,0.8079720276139228,0.0,0.0,0.0,0.0,0.0,0.0,0.1609808958773029,0.0,0.0,0.0,0.0,0.0,0.0,0.0,0.0,0.0,0.0,0.0,0.0,0.0,0.0,0.0,0.0,0.0,0.0,0.0
2025-11-10 08:38:50,China US,0.16307339678945404,0.0,0.0,0.0,0.0,0.0,0.0,0.0,0.0,0.0,0.0,0.0,0.0,0.0,0.0,0.15406121049948127,0.0,0.0,0.0,0.0,0.0,0.0,0.0,0.0,0.0,0.14655875714913993,0.16836307128173206,0.0,0.0,0.0,0.0,0.0,0.0,0.0,0.097219721456219,0.0,0.0,0.0,0.2544243121700683,0.0,0.13194393115826608,0.0,0.1190240355888111,0.215059968801899,0.0,0.0,0.0,0.0,0.0,0.0,0.0,0.1190240355888111,0.17436000961455742,0.14655875714913993,0.0,0.0,0.0995839686726731,0.0,0.29311751429827987,0.16836307128173206,0.0,0.0,0.0,0.0,0.0,0.0,0.0,0.0,0.0,0.0,0.0,0.3570721067664333,0.0,0.0,0.0,0.0,0.0,0.0,0.0,0.0,0.0,0.0,0.0,0.0,0.0,0.0,0.0,0.0,0.3367261425634641,0.0,0.30812242099896253,0.0,0.0,0.0,0.0,0.0,0.0,0.0,0.0,0.0,0.0,0.0,0.0,0.11719070651952418,0.0,0.0,0.24187080346733955,0.0,0.0,0.0,0.18994747436047033,0.16307339678945404,0.0,0.0,0.0,0.0,0.0,0.0,0.0,0.13451093413983561,0.0,0.0,0.0,0.0,0.0,0.0,0.0,0.0,0.0,0.0,0.0,0.0,0.0,0.0,0.07427837632125407,0.0
2025-11-20 00:12:50,China US,0.0,0.0,0.0,0.0,0.0,0.0,0.0,0.1482690514392963,0.15765300750226924,0.0,0.0,0.0,0.0,0.0,0.0,0.14426092960754125,0.0,0.0,0.0,0.0,0.0,0.0,0.0,0.0,0.0,0.27447145819397545,0.0,0.12127688146074743,0.0,0.0,0.0,0.0,0.0,0.09806049322304068,0.0,0.0,0.0,0.30539964912433665,0.0,0.2667965460514636,0.0,0.0,0.11145257111776866,0.0,0.0,0.0,0.12355059461920158,0.0,0.2965381028785926,0.0,0.1049700032906594,0.11145257111776866,0.0,0.0,0.0,0.0,0.0,0.12850377755930248,0.0,0.0,0.0,0.0,0.0,0.0,0.0,0.0,0.0,0.15269982456216832,0.0,0.0,0.0,0.11145257111776866,0.0,0.0,0.0,0.0,0.0,0.0,0.0,0.0,0.16975103100370215,0.14426092960754125,0.0,0.30620584516438715,0.0,0.31254490762433673,0.0,0.0,0.0,0.0,0.0,0.0,0.0,0.0,0.0,0.0,0.0,0.0,0.0,0.2812036021214708,0.0,0.0,0.0,0.0,0.0,0.0,0.0,0.10973586543335662,0.0,0.0,0.17786436403430908,0.0,0.0,0.0,0.0,0.0,0.0,0.0,0.0,0.0,0.0,0.0,0.0,0.0,0.0,0.0,0.0,0.0,0.0,0.0,0.0,0.0,0.0,0.16326846317659288,0.0,0.0
2025-11-08 07:25:02,China US,0.0,0.0,0.0,0.0,0.0,0.0,0.0,0.0,0.0,0.0,0.0,0.0,0.0,0.0,0.0,0.0,0.0,0.0,0.6041337771777604,0.0,0.0,0.0,0.0,0.0,0.0,0.0,0.0,0.0,0.0,0.0,0.0,0.0,0.0,0.3628481276183346,0.0,0.0,0.0,0.0,0.0,0.16453555692679012,0.0,0.0,0.0,0.0,0.0,0.0,0.0,0.0,0.0,0.0,0.0,0.0,0.0,0.25390310464744226,0.0,0.0,0.0,0.2377479122668747,0.0,0.0,0.0,0.0,0.0,0.0,0.0,0.0,0.0,0.0,0.0,0.0,0.0,0.0,0.0,0.0,0.0,0.0,0.0,0.0,0.0,0.0,0.0,0.0,0.0,0.0,0.0,0.0,0.0,0.0,0.0,0.0,0.0,0.0,0.0,0.0,0.0,0.5486322363903259,0.0,0.0,0.0,0.0,0.0,0.23303106857257017,0.0,0.0,0.0,0.0,0.0,0.0,0.0,0.0,0.0,0.0,0.0,0.0,0.0,0.0,0.0,0.0,0.0,0.0,0.0,0.0,0.0,0.0,0.0,0.0,0.0,0.0,0.0,0.0,0.0,0.0,0.0,0.0,0.0,0.0
2025-11-07 08:54:27,China US,0.0,0.0,0.0,0.0,0.0,0.0,0.0,0.0,0.0,0.0,0.2572385064758408,0.0,0.0,0.0,0.0,0.0,0.31938755601948104,0.0,0.0,0.0,0.0,0.0,0.0,0.0,0.0,0.0,0.7162413053801505,0.0,0.0,0.0,0.0,0.0,0.0,0.0,0.0,0.0,0.0,0.0,0.0,0.202016133873485,0.0,0.0,0.25317288991209275,0.0,0.0,0.0,0.0,0.0,0.0,0.0,0.0,0.0,0.0,0.0,0.0,0.0,0.21182243580510912,0.0,0.0,0.0,0.0,0.0,0.0,0.0,0.0,0.0,0.0,0.0,0.0,0.2659288194252803,0.0,0.0,0.0,0.0,0.0,0.0,0.0,0.0,0.0,0.0,0.0,0.0,0.0,0.0,0.0,0.0,0.0,0.0,0.0,0.0,0.0,0.0,0.0,0.0,0.0,0.0,0.0,0.0,0.0,0.0,0.0,0.0,0.17931193841023316,0.0,0.0,0.0,0.2572385064758408,0.0,0.0,0.0,0.0,0.0,0.0,0.0,0.0,0.0,0.0,0.0,0.0,0.0,0.0,0.0,0.0,0.0,0.0,0.0,0.0,0.0,0.0,0.0,0.0,0.0,0.0,0.0,0.0,0.0
2025-11-07 13:04:28,China US,0.0,0.0,0.0,0.0,0.0,0.19732920706419016,0.0,0.0,0.0,0.0,0.0,0.0,0.0,0.0,0.0,0.0,0.0,0.0,0.0,0.0,0.1916034575453248,0.0,0.0,0.0,0.0,0.0,0.0,0.0,0.0,0.0,0.1916034575453248,0.0,0.0,0.0,0.0,0.0,0.0,0.0,0.0,0.0,0.0,0.2109867281747224,0.0,0.0,0.0,0.0,0.0,0.0,0.0,0.3832069150906496,0.0,0.0,0.0,0.35469088037569196,0.0,0.0,0.0,0.0,0.35469088037569196,0.0,0.0,0.0,0.0,0.0,0.0,0.0,0.0,0.0,0.0,0.0,0.0,0.0,0.0,0.0,0.0,0.0,0.0,0.0,0.0,0.0,0.0,0.0,0.0,0.0,0.0,0.10097300204878697,0.0,0.0,0.0,0.0,0.0,0.0,0.0,0.0,0.0,0.0,0.0,0.0,0.0,0.18169530970100253,0.0,0.0,0.10200816396411883,0.14180822652910746,0.4219734563494448,0.0,0.1463395464859639,0.0,0.0,0.0,0.3447728314734642,0.0,0.0,0.0,0.0,0.0,0.0,0.0,0.0,0.0,0.0,0.0,0.0,0.0,0.0,0.0,0.0,0.0,0.0,0.0,0.0,0.2109867281747224,0.0,0.0,0.0898815710597651,0.0
2025-11-13 14:12:12,China US,0.0,0.0,0.0,0.0,0.0,0.0,0.0,0.09535014749781395,0.10138486334735727,0.10916496522361381,0.0,0.10916496522361381,0.0,0.0,0.30415459004207185,0.0,0.09041942562833626,0.0,0.0,0.10916496522361381,0.09535014749781395,0.0,0.0,0.1907002949956279,0.0,0.0,0.0,0.07799178873206426,0.09535014749781395,0.25875167906545266,0.0,0.09041942562833626,0.0,0.0,0.05854376556253981,0.0,0.0,0.0,0.07660460790253638,0.05719127889686301,0.1589079758186305,0.0,0.0,0.06475239903405479,0.0,0.08099978559830599,0.07945398790931525,0.0,0.0,0.09535014749781395,0.13501004018641333,0.0,0.10499609928376179,0.0,0.17650948575367673,0.0,0.05996746779804053,0.0,0.0,0.10138486334735727,0.0,0.0,0.0,0.09535014749781395,0.0,0.0,0.0,0.0,0.0,0.07528512196946321,0.0,0.0,0.0,0.0,0.0,0.0,0.0,0.0,0.0,0.10916496522361381,0.21832993044722762,0.18554513949773868,0.0,0.0,0.0,0.2512426122678763,0.0,0.0,0.0,0.0,0.0,0.0,0.0,0.0,0.0,0.09535014749781395,0.08825474287683836,0.0,0.0,0.0,0.0,0.0,0.4061093094902661,0.0,0.0,0.0,0.145649744748464,0.0,0.0,0.0,0.05719127889686301,0.0,0.0,0.0,0.0,0.0,0.20276972669471455,0.0,0.0,0.0,0.0,0.0,0.0,0.10138486334735727,0.0,0.09277256974886934,0.0,0.0,0.0,0.0,0.0,0.0,0.0,0.0,0.0,0.0
2025-11-29 13:27:54,China US,0.0,0.1539171915160545,0.0,0.0,0.0,0.0,0.0,0.0,0.0,0.0,0.0,0.0,0.0,0.0,0.0,0.0,0.0,0.0,0.0,0.0,0.0,0.0,0.0,0.0,0.0,0.0,0.0,0.0,0.0,0.0,0.0,0.4251681572670716,0.0,0.39536903880134217,0.09176105226920767,0.15890986265625728,0.1539171915160545,0.1539171915160545,0.0,0.0,0.0,0.0,0.0,0.0,0.0,0.12695844704660847,0.0,0.0,0.0,0.0,0.0,0.11234110309475978,0.0,0.0,0.0,0.0,0.09399255231011316,0.0,0.0,0.0,0.0,0.1494510949945118,0.0,0.0,0.0,0.0,0.0,0.0,0.0,0.0,0.0,0.11234110309475978,0.0,0.0,0.0,0.0,0.0,0.0,0.0,0.0,0.0,0.29082203852366606,0.0,0.2057646708660286,0.0,0.15751830279476617,0.0,0.0,0.0,0.0,0.0,0.0,0.0,0.0,0.0,0.0,0.0,0.0,0.0,0.0,0.0,0.0,0.0,0.0,0.0,0.0,0.0,0.2212214226770045,0.0,0.0,0.0896411749700613,0.0,0.0,0.0,0.0,0.0,0.15890986265625728,0.0,0.0,0.0,0.0,0.0,0.0,0.0,0.0,0.0,0.0,0.0,0.0,0.0,0.0,0.0,0.0,0.0,0.0,0.0
2025-11-21 06:13:10,China US,0.0,0.0,0.0,0.0,0.0,0.0,0.0,0.4245982122540707,0.0,0.48611617591663286,0.0,0.0,0.0,0.0,0.0,0.0,0.0,0.0,0.0,0.0,0.0,0.0,0.0,0.0,0.0,0.0,0.0,0.0,0.0,0.0,0.0,0.0,0.0,0.0,0.2606978473425616,0.0,0.0,0.4372866211203342,0.0,0.0,0.0,0.0,0.0,0.0,0.0,0.36069544788897406,0.0,0.0,0.0,0.0,0.0,0.0,0.0,0.0,0.0,0.0,0.0,0.0,0.3930020774147976,0.0,0.0,0.0,0.0,0.0,0.0,0.0,0.0,0.0,0.0,0.0,0.0,0.0,0.0,0.0,0.0,0.0,0.0,0.0,0.0,0.0,0.0,0.0,0.0,0.0,0.0,0.0,0.0,0.0,0.0,0.0,0.0,0.0,0.0,0.0,0.0,0.0,0.0,0.0,0.0,0.0,0.0,0.0,0.0,0.0,0.0,0.0,0.0,0.0,0.0,0.0,0.0,0.0,0.0,0.0,0.0,0.0,0.0,0.0,0.0,0.0,0.0,0.0,0.0,0.0,0.0,0.0,0.0,0.0,0.0,0.0,0.0,0.0,0.0,0.0,0.1991798836799993,0.0
2025-11-29 05:01:03,China US,0.0,0.0,0.0,0.17565356232821663,0.0,0.0,0.0,0.0,0.0,0.0,0.0,0.0,0.36525576004763444,0.0,0.0,0.0,0.15126746920725676,0.0,0.17565356232821663,0.0,0.0,0.0,0.0,0.0,0.0,0.0,0.0,0.0,0.0,0.0,0.0,0.15126746920725676,0.14429315151165617,0.21099818817622665,0.09794098107755585,0.0,0.0,0.3285664313778385,0.25631185083306796,0.09567833415592604,0.0,0.0,0.2398141167813926,0.0,0.0,0.0,0.0,0.0,0.0,0.0,0.0,0.0,0.0,0.2952921124580286,0.0,0.0,0.0,0.2765034454511886,0.0,0.0,0.0,0.0,0.0,0.0,0.0,0.0,0.0,0.0,0.0,0.12594848717675816,0.0,0.1199070583906963,0.0,0.0,0.0,0.0,0.0,0.0,0.17565356232821663,0.0,0.0,0.0,0.0,0.0,0.0,0.0840634274121545,0.0,0.0,0.0,0.0,0.0,0.17565356232821663,0.15520416923957178,0.0,0.0,0.0,0.0,0.0,0.0,0.0,0.0,0.0,0.0,0.0,0.0,0.0,0.0,0.0,0.16961213354215476,0.09458807636019768,0.0,0.0,0.0,0.0,0.0,0.0,0.0,0.0,0.14429315151165617,0.0,0.0,0.0,0.0,0.16961213354215476,0.0,0.0,0.0,0.0,0.0,0.0,0.0,0.0,0.0,0.0,0.07482943728683306,0.0
